file,section,words,imgs,svg,atoms,quizzes,exercises,solutions,steps_old,sim,iframe,prereq
tic/cls8/extra-databases/lectia1-introducere-bd.html,tic/cls8,1994,0,0,6,5,3,3,0,0,0,0
tic/cls8/extra-databases/lectia2-tabele-campuri.html,tic/cls8,2318,0,0,7,6,3,3,0,0,0,0
tic/cls8/extra-databases/lectia3-creare-bd-access.html,tic/cls8,2823,0,0,8,6,3,3,0,0,0,0
tic/cls8/extra-databases/lectia4-interogari-simple.html,tic/cls8,2209,0,0,9,7,3,3,0,0,0,0
tic/cls8/extra-databases/lectia5-sortare-filtrare.html,tic/cls8,2098,0,0,8,6,3,3,0,0,0,0
tic/cls8/extra-databases/lectia6-proiect-bd.html,tic/cls8,3144,0,0,7,6,3,3,0,0,0,0
tic/cls8/extra-materiale-suplimentare/tutorial-github-netlify.html,tic/cls8,1641,0,0,5,5,3,3,0,0,0,0
tic/cls8/extra-structuri-date/lectia1-tablouri.html,tic/cls8,1758,0,0,5,5,3,3,0,0,0,0
tic/cls8/extra-structuri-date/lectia2-parcurgere.html,tic/cls8,2127,0,0,7,7,3,3,0,0,0,0
tic/cls8/extra-structuri-date/lectia3-cautare.html,tic/cls8,2648,0,0,7,7,3,3,0,0,0,0
tic/cls8/extra-structuri-date/lectia4-maxim-minim.html,tic/cls8,2575,0,0,8,8,3,3,0,0,0,0
tic/cls8/extra-structuri-date/lectia5-sortare.html,tic/cls8,2487,0,0,7,7,3,3,0,0,0,0
tic/cls8/extra-structuri-date/lectia6-proiect.html,tic/cls8,2895,0,0,2,2,3,3,0,0,0,0
tic/cls8/extra-structuri-date/prezentare-vectori.html,tic/cls8,5450,0,0,0,0,0,0,24,0,0,0
tic/cls8/extra-subprograme/lectia1-de-ce-functii.html,tic/cls8,1904,0,0,6,6,3,3,0,0,0,0
tic/cls8/extra-subprograme/lectia2-declarare.html,tic/cls8,1954,0,0,8,8,3,3,0,0,0,0
tic/cls8/extra-subprograme/lectia3-parametri.html,tic/cls8,2173,0,0,7,7,3,3,0,0,0,0
tic/cls8/extra-subprograme/lectia4-return.html,tic/cls8,2238,0,0,8,8,3,3,0,0,0,0
tic/cls8/extra-subprograme/lectia5-apelare.html,tic/cls8,2430,0,0,8,8,3,3,0,0,0,0
tic/cls8/extra-subprograme/lectia6-proiect.html,tic/cls8,2912,0,0,6,6,3,3,0,0,0,0
tic/cls8/m1-excel-fundamente/lectia1-interfata.html,tic/cls8,2528,0,0,9,9,3,3,0,0,0,0
tic/cls8/m1-excel-fundamente/lectia2-date.html,tic/cls8,3466,0,0,7,7,3,3,0,0,0,0
tic/cls8/m1-excel-fundamente/lectia3-formule.html,tic/cls8,2327,0,0,7,7,3,3,0,0,0,0
tic/cls8/m1-excel-fundamente/lectia4-functii.html,tic/cls8,3108,0,0,9,9,3,3,0,0,0,0
tic/cls8/m1-excel-fundamente/lectia5-grafice.html,tic/cls8,3168,0,0,9,9,3,3,0,0,0,0
tic/cls8/m1-excel-fundamente/lectia6-proiect.html,tic/cls8,2451,0,0,5,5,3,3,0,0,0,0
tic/cls8/m1-excel-fundamente/lectia7-sortare.html,tic/cls8,2036,0,0,6,6,3,3,0,0,0,0
tic/cls8/m2-formule-functii/lectia1-introducere-formule.html,tic/cls8,2134,0,0,6,6,3,3,0,0,0,0
tic/cls8/m2-formule-functii/lectia2-referinte-celule.html,tic/cls8,1950,0,0,7,7,4,4,0,0,0,0
tic/cls8/m2-formule-functii/lectia3-functii-baza.html,tic/cls8,1912,0,0,4,4,3,3,0,0,0,0
tic/cls8/m2-formule-functii/lectia4-functii-text.html,tic/cls8,1570,0,0,7,6,3,3,0,0,0,0
tic/cls8/m2-formule-functii/lectia5-functii-logice.html,tic/cls8,1539,0,0,6,6,3,3,0,0,0,0
tic/cls8/m2-formule-functii/lectia6-evaluare.html,tic/cls8,2078,0,0,5,5,3,3,0,0,0,0
tic/cls8/m2-formule-functii/lectia7-sortare.html,tic/cls8,1823,0,0,5,5,3,3,0,0,0,0
tic/cls8/m3-grafice-web/lectia1-grafice-tipuri.html,tic/cls8,3113,0,0,11,11,3,3,0,0,0,0
tic/cls8/m3-grafice-web/lectia2-creare-formatare.html,tic/cls8,2515,0,0,14,14,3,3,0,0,0,0
tic/cls8/m3-grafice-web/lectia3-proiect-excel.html,tic/cls8,2878,0,0,6,6,3,3,0,0,0,0
tic/cls8/m3-grafice-web/lectia4-introducere-web.html,tic/cls8,3548,0,0,13,13,3,3,0,0,0,0
tic/cls8/m3-grafice-web/lectia5-structura-html.html,tic/cls8,3798,0,0,7,7,5,5,0,0,0,0
tic/cls8/m3-grafice-web/lectia6-evaluare-m3.html,tic/cls8,2437,0,0,4,4,3,3,0,0,0,0
tic/cls8/m4-html-css/lectia1-structura.html,tic/cls8,5138,0,0,10,10,4,4,0,0,0,0
tic/cls8/m4-html-css/lectia2-text-imagini.html,tic/cls8,5599,0,0,11,11,4,4,0,0,0,0
tic/cls8/m4-html-css/lectia3-linkuri.html,tic/cls8,5055,0,0,10,10,3,3,0,0,0,0
tic/cls8/m4-html-css/lectia4-css-intro.html,tic/cls8,4666,0,0,10,10,3,3,0,0,0,0
tic/cls8/m4-html-css/lectia5-layout.html,tic/cls8,4278,0,0,10,10,3,3,0,0,0,0
tic/cls8/m4-html-css/lectia5b-proiect-sinteza.html,tic/cls8,2313,0,0,5,5,3,3,0,0,0,0
tic/cls8/m4-html-css/lectia6-publicare.html,tic/cls8,6189,0,0,10,10,3,3,0,0,0,0
tic/cls8/m4-html-css/lectia7-tabele.html,tic/cls8,1839,0,0,5,5,3,3,0,0,0,0
tic/cls8/m4-html-css/lectia8-formulare.html,tic/cls8,2119,0,0,6,6,3,3,0,0,0,0
tic/cls8/m5-proiecte-final/lectia1-recapitulare-algoritmi.html,tic/cls8,3017,0,0,10,10,3,3,0,0,0,0
tic/cls8/m5-proiecte-final/lectia2-recapitulare-structuri.html,tic/cls8,3239,0,0,10,10,3,3,0,0,0,0
tic/cls8/m5-proiecte-final/lectia3-recapitulare-bd.html,tic/cls8,2360,0,0,7,7,3,3,0,0,0,0
tic/cls8/m5-proiecte-final/lectia4-evaluare-nationala.html,tic/cls8,1562,2,0,4,4,3,3,0,0,0,0
tic/cls8/m5-proiecte-final/lectia5-portofoliu-final.html,tic/cls8,2102,0,0,5,5,3,3,0,0,0,0
tic/cls8/m5-proiecte-final/lectia6-finalizare.html,tic/cls8,1147,0,0,4,1,6,6,0,0,0,0
tic/cls8/m5-proiecte-final/quizuri/quiz1-algoritmi.html,tic/cls8,25,0,0,0,0,0,0,0,0,0,0
tic/cls8/m5-proiecte-final/quizuri/quiz2-structuri.html,tic/cls8,29,0,0,0,0,0,0,0,0,0,0
tic/cls8/m5-proiecte-final/quizuri/quiz3-bd.html,tic/cls8,27,0,0,0,0,0,0,0,0,0,0
tic/cls8/m5-proiecte-final/quizuri/quiz4-web.html,tic/cls8,27,0,0,0,0,0,0,0,0,0,0
tic/cls8/m5-proiecte-final/quizuri/quiz5-evaluare.html,tic/cls8,27,0,0,0,0,0,0,0,0,0,0
tic/cls8/m4-html-css/quizuri/quiz1-html-avansat.html,tic/cls8,32,2,0,0,0,0,0,0,0,0,0
tic/cls8/m4-html-css/quizuri/quiz2-formulare.html,tic/cls8,29,0,0,0,0,0,0,0,0,0,0
tic/cls8/m4-html-css/quizuri/quiz3-css-avansat.html,tic/cls8,25,0,0,0,0,0,0,0,0,0,0
tic/cls8/m4-html-css/quizuri/quiz4-layout.html,tic/cls8,27,0,0,0,0,0,0,0,0,0,0
tic/cls8/m4-html-css/quizuri/quiz5-responsive.html,tic/cls8,29,1,0,0,0,0,0,0,0,0,0
tic/cls8/m1-excel-fundamente/quizuri/quiz1-interfata.html,tic/cls8,25,0,0,0,0,0,0,0,0,0,0
tic/cls8/m1-excel-fundamente/quizuri/quiz2-celule.html,tic/cls8,27,0,0,0,0,0,0,0,0,0,0
tic/cls8/m1-excel-fundamente/quizuri/quiz3-formule.html,tic/cls8,27,0,0,0,0,0,0,0,0,0,0
tic/cls8/m1-excel-fundamente/quizuri/quiz4-functii.html,tic/cls8,28,0,0,0,0,0,0,0,0,0,0
tic/cls8/m1-excel-fundamente/quizuri/quiz5-grafice.html,tic/cls8,27,0,1,0,0,0,0,0,0,0,0
tic/cls8/extra-subprograme/quizuri/quiz1-concepte.html,tic/cls8,27,0,0,0,0,0,0,0,0,0,0
tic/cls8/extra-subprograme/quizuri/quiz2-declarare.html,tic/cls8,25,0,0,0,0,0,0,0,0,0,0
tic/cls8/extra-subprograme/quizuri/quiz3-parametri.html,tic/cls8,25,0,0,0,0,0,0,0,0,0,0
tic/cls8/extra-subprograme/quizuri/quiz4-return.html,tic/cls8,27,0,0,0,0,0,0,0,0,0,0
tic/cls8/extra-subprograme/quizuri/quiz5-apelare.html,tic/cls8,25,0,0,0,0,0,0,0,0,0,0
tic/cls8/extra-structuri-date/quizuri/quiz1-tablouri.html,tic/cls8,31,0,0,0,0,0,0,0,0,0,0
tic/cls8/extra-structuri-date/quizuri/quiz2-declarare.html,tic/cls8,28,0,0,0,0,0,0,0,0,0,0
tic/cls8/extra-structuri-date/quizuri/quiz3-parcurgere.html,tic/cls8,28,0,0,0,0,0,0,0,0,0,0
tic/cls8/extra-structuri-date/quizuri/quiz4-cautare.html,tic/cls8,28,0,0,0,0,0,0,0,0,0,0
tic/cls8/extra-structuri-date/quizuri/quiz5-sortare.html,tic/cls8,28,0,0,0,0,0,0,0,0,0,0
tic/cls8/extra-databases/quizuri/quiz1-concepte.html,tic/cls8,30,0,0,0,0,0,0,0,0,0,0
tic/cls8/extra-databases/quizuri/quiz2-sql.html,tic/cls8,69,0,0,0,0,0,0,0,0,0,0
tic/cls8/extra-databases/quizuri/quiz3-relatii.html,tic/cls8,93,0,0,0,0,0,0,0,0,0,0
tic/cls8/extra-databases/quizuri/quiz4-interogari.html,tic/cls8,26,0,0,0,0,0,0,0,0,0,0
tic/cls8/extra-databases/quizuri/quiz5-access.html,tic/cls8,28,0,0,0,0,0,0,0,0,0,0
tic/cls7/extra-baze-date/lectia1-ce-sunt-bd.html,tic/cls7,752,0,0,3,3,3,3,0,0,0,0
tic/cls7/extra-baze-date/lectia2-tabele.html,tic/cls7,990,0,0,3,3,3,3,0,0,0,0
tic/cls7/extra-baze-date/lectia3-campuri.html,tic/cls7,872,0,0,2,2,3,3,0,0,0,0
tic/cls7/extra-baze-date/lectia4-inregistrari.html,tic/cls7,918,0,0,2,2,3,3,0,0,0,0
tic/cls7/extra-baze-date/lectia5-access-intro.html,tic/cls7,1449,0,0,2,2,3,3,0,0,0,0
tic/cls7/extra-baze-date/lectia6-proiect.html,tic/cls7,920,0,0,2,1,3,3,0,0,0,0
tic/cls7/extra-multimedia/lectia1-video-intro.html,tic/cls7,1517,0,0,5,5,3,3,0,0,0,0
tic/cls7/extra-multimedia/lectia2-taiere-lipire.html,tic/cls7,1048,0,0,5,5,3,3,0,0,0,0
tic/cls7/extra-multimedia/lectia3-text-efecte.html,tic/cls7,1030,0,0,7,7,3,3,0,0,0,0
tic/cls7/extra-multimedia/lectia4-audio.html,tic/cls7,1233,0,0,7,7,3,3,0,0,0,0
tic/cls7/extra-multimedia/lectia5-proiect.html,tic/cls7,666,0,0,3,3,3,3,0,0,0,0
tic/cls7/extra-proiect-web/lectia1-planificare-site.html,tic/cls7,891,0,0,3,3,3,3,0,0,0,0
tic/cls7/extra-proiect-web/lectia2-pagina-principala.html,tic/cls7,889,0,0,3,3,3,3,0,0,0,0
tic/cls7/extra-proiect-web/lectia3-pagini-multiple.html,tic/cls7,866,0,0,4,4,3,3,0,0,0,0
tic/cls7/extra-proiect-web/lectia4-stilizare.html,tic/cls7,753,0,0,3,3,3,3,0,0,0,0
tic/cls7/extra-proiect-web/lectia5-publicare.html,tic/cls7,949,0,0,4,4,3,3,0,0,0,0
tic/cls7/extra-proiect-web/lectia6-finalizare.html,tic/cls7,1468,0,0,4,4,3,3,0,0,0,0
tic/cls7/extra-web/lectia1-html-intro.html,tic/cls7,849,0,0,3,3,3,3,0,0,0,0
tic/cls7/extra-web/lectia2-text-headings.html,tic/cls7,1852,0,0,8,6,3,3,0,0,0,0
tic/cls7/extra-web/lectia3-liste-linkuri.html,tic/cls7,2124,0,0,8,6,3,3,0,0,0,0
tic/cls7/extra-web/lectia4-imagini.html,tic/cls7,1922,4,0,8,6,3,3,0,0,0,0
tic/cls7/extra-web/lectia5-css-intro.html,tic/cls7,2609,0,0,13,6,3,3,0,0,0,0
tic/cls7/extra-web/lectia6-proiect.html,tic/cls7,2945,0,0,6,6,3,3,0,0,0,0
tic/cls7/m1-word-fundamente/lectia1-interfata-word.html,tic/cls7,4658,0,0,11,11,3,3,0,0,0,0
tic/cls7/m1-word-fundamente/lectia2-formatare-text.html,tic/cls7,4532,0,0,10,10,3,3,0,0,0,0
tic/cls7/m1-word-fundamente/lectia3-paragrafe.html,tic/cls7,4726,0,0,10,10,3,3,0,0,0,0
tic/cls7/m1-word-fundamente/lectia4-liste.html,tic/cls7,4338,0,0,10,10,3,3,0,0,0,0
tic/cls7/m1-word-fundamente/lectia5-tabele.html,tic/cls7,8231,0,0,11,11,3,3,0,0,0,0
tic/cls7/m1-word-fundamente/lectia6-evaluare.html,tic/cls7,3659,0,0,11,11,3,3,0,0,0,0
tic/cls7/m2-word-avansat/lectia1-liste.html,tic/cls7,1198,0,0,8,8,3,3,0,0,0,0
tic/cls7/m2-word-avansat/lectia2-stiluri.html,tic/cls7,5184,0,0,10,10,3,3,0,0,0,0
tic/cls7/m2-word-avansat/lectia3-sectiuni.html,tic/cls7,5163,0,0,10,10,3,3,0,0,0,0
tic/cls7/m2-word-avansat/lectia4-header-footer.html,tic/cls7,4851,0,0,10,10,3,3,0,0,0,0
tic/cls7/m2-word-avansat/lectia5-imagini-obiecte.html,tic/cls7,5436,0,0,11,11,3,3,0,0,0,0
tic/cls7/m2-word-avansat/lectia6-aplicatie.html,tic/cls7,3454,0,0,10,10,3,3,0,0,0,0
tic/cls7/m2-word-avansat/lectia7-evaluare.html,tic/cls7,5320,0,0,10,10,3,3,0,0,0,0
tic/cls7/m3-algoritmi-schema/lectia1-codeblocks.html,tic/cls7,794,0,0,4,4,4,4,0,0,0,0
tic/cls7/m3-algoritmi-schema/lectia10-roboti.html,tic/cls7,3399,0,0,0,1,3,3,0,0,0,0
tic/cls7/m3-algoritmi-schema/lectia2-elemente-baza.html,tic/cls7,923,0,0,6,6,5,5,0,0,0,0
tic/cls7/m3-algoritmi-schema/lectia3-structura-liniara.html,tic/cls7,1068,0,0,5,5,5,5,0,0,0,0
tic/cls7/m3-algoritmi-schema/lectia4-structura-alternativa.html,tic/cls7,842,0,0,5,5,5,5,0,0,0,0
tic/cls7/m3-algoritmi-schema/lectia5-while.html,tic/cls7,738,0,0,4,4,5,5,0,0,0,0
tic/cls7/m3-algoritmi-schema/lectia6-do-while.html,tic/cls7,1177,0,0,8,8,5,5,0,0,0,0
tic/cls7/m3-algoritmi-schema/lectia7-for.html,tic/cls7,999,0,0,6,6,5,5,0,0,0,0
tic/cls7/m3-algoritmi-schema/lectia8-fizica.html,tic/cls7,3345,0,0,1,1,3,3,0,0,0,0
tic/cls7/m3-algoritmi-schema/lectia9-geografie.html,tic/cls7,3295,0,0,0,1,3,3,0,0,0,0
tic/cls7/m4-algoritmi-siruri/lectia1-for.html,tic/cls7,4280,0,0,10,10,3,3,0,0,0,0
tic/cls7/m4-algoritmi-siruri/lectia2-siruri.html,tic/cls7,3665,0,0,10,10,3,3,0,0,0,0
tic/cls7/m4-algoritmi-siruri/lectia3-parcurgere.html,tic/cls7,3824,0,0,10,10,3,3,0,0,0,0
tic/cls7/m4-algoritmi-siruri/lectia4-suma-medie.html,tic/cls7,3854,0,0,10,10,4,4,0,0,0,0
tic/cls7/m4-algoritmi-siruri/lectia5-maxim-minim.html,tic/cls7,3961,0,0,10,10,3,3,0,0,0,0
tic/cls7/m4-algoritmi-siruri/lectia6-proiect.html,tic/cls7,2341,0,0,10,10,3,3,0,0,0,0
tic/cls7/m4-colaborare/extra-ghid-practic-colaborare.html,tic/cls7,1943,0,0,6,6,3,3,0,0,0,0
tic/cls7/m4-colaborare/lectia2-google-docs.html,tic/cls7,1247,0,0,6,6,3,3,0,0,0,0
tic/cls7/m4-colaborare/lectia3-canva-padlet.html,tic/cls7,1106,0,0,5,5,3,3,0,0,0,0
tic/cls7/m4-colaborare/lectia4-etica-digitala.html,tic/cls7,1556,0,0,6,6,3,3,0,0,0,0
tic/cls7/m4-colaborare/prezentare-aplicatii-colaborative.html,tic/cls7,1116,0,0,0,0,0,0,0,0,0,0
tic/cls7/m5-proiecte-recap/lectia-audio-video.html,tic/cls7,2122,0,0,5,5,3,3,0,0,0,0
tic/cls7/m5-proiecte-recap/lectia-colaborative.html,tic/cls7,2141,0,0,5,5,3,3,0,0,0,0
tic/cls7/m5-proiecte-recap/lectia1-proiect-cv.html,tic/cls7,4322,0,0,10,10,3,3,0,0,0,0
tic/cls7/m5-proiecte-recap/lectia2-proiect-prezentare.html,tic/cls7,3104,0,0,10,10,3,3,0,0,0,0
tic/cls7/m5-proiecte-recap/lectia3-proiect-algoritm.html,tic/cls7,4389,0,0,10,10,3,3,0,0,0,0
tic/cls7/m5-proiecte-recap/lectia4-recapitulare-word.html,tic/cls7,4223,0,0,10,10,4,4,0,0,0,0
tic/cls7/m5-proiecte-recap/lectia5-recapitulare-powerpoint.html,tic/cls7,4493,0,0,10,10,3,3,0,0,0,0
tic/cls7/m5-proiecte-recap/lectia6-recapitulare-algoritmi.html,tic/cls7,4547,0,0,11,11,3,3,0,0,0,0
tic/cls7/m5-proiecte-recap/lectia7-evaluare-practica.html,tic/cls7,4052,0,0,10,10,3,3,0,0,0,0
tic/cls7/m5-proiecte-recap/lectia8-evaluare-teorie.html,tic/cls7,6261,0,0,10,10,3,3,0,0,0,0
tic/cls7/m5-proiecte-recap/lectia9-rezerva.html,tic/cls7,6439,0,0,10,10,3,3,0,0,0,0
tic/cls7/m3-algoritmi-schema/quizuri/quiz1-structuri.html,tic/cls7,36,0,0,0,0,0,0,0,0,0,0
tic/cls7/m3-algoritmi-schema/quizuri/quiz2-probleme.html,tic/cls7,27,0,0,0,0,0,0,0,0,0,0
tic/cls7/m3-algoritmi-schema/quizuri/quiz3-variabile.html,tic/cls7,33,0,0,0,0,0,0,0,0,0,0
tic/cls7/m3-algoritmi-schema/quizuri/quiz4-operatori.html,tic/cls7,27,0,0,0,0,0,0,0,0,0,0
tic/cls7/m3-algoritmi-schema/quizuri/quiz5-bucle.html,tic/cls7,30,0,0,0,0,0,0,0,0,0,0
tic/cls7/extra-web/quizuri/quiz1-html-intro.html,tic/cls7,29,0,0,0,0,0,0,0,0,0,0
tic/cls7/extra-web/quizuri/quiz2-taguri.html,tic/cls7,31,0,0,0,0,0,0,0,0,0,0
tic/cls7/extra-web/quizuri/quiz3-liste.html,tic/cls7,29,0,0,0,0,0,0,0,0,0,0
tic/cls7/extra-web/quizuri/quiz4-css-intro.html,tic/cls7,29,0,0,0,0,0,0,0,0,0,0
tic/cls7/extra-web/quizuri/quiz4-imagini.html,tic/cls7,30,0,0,0,0,0,0,0,0,0,0
tic/cls7/extra-web/quizuri/quiz5-stilizare.html,tic/cls7,29,0,0,0,0,0,0,0,0,0,0
tic/cls7/extra-proiect-web/quizuri/quiz1-planificare.html,tic/cls7,26,0,0,0,0,0,0,0,0,0,0
tic/cls7/extra-proiect-web/quizuri/quiz2-structura.html,tic/cls7,26,0,0,0,0,0,0,0,0,0,0
tic/cls7/extra-proiect-web/quizuri/quiz3-navigare.html,tic/cls7,27,0,0,0,0,0,0,0,0,0,0
tic/cls7/extra-proiect-web/quizuri/quiz4-design.html,tic/cls7,27,0,0,0,0,0,0,0,0,0,0
tic/cls7/extra-proiect-web/quizuri/quiz5-publicare.html,tic/cls7,25,0,0,0,0,0,0,0,0,0,0
tic/cls7/extra-multimedia/quizuri/quiz1-tipuri.html,tic/cls7,29,0,0,0,0,0,0,0,0,0,0
tic/cls7/extra-multimedia/quizuri/quiz2-imagini.html,tic/cls7,25,0,0,0,0,0,0,0,0,0,0
tic/cls7/extra-multimedia/quizuri/quiz3-audio.html,tic/cls7,33,0,0,0,0,0,0,0,0,0,0
tic/cls7/extra-multimedia/quizuri/quiz4-video.html,tic/cls7,25,0,0,0,0,0,0,0,0,0,0
tic/cls7/extra-multimedia/quizuri/quiz5-proiecte.html,tic/cls7,25,0,0,0,0,0,0,0,0,0,0
tic/cls7/extra-baze-date/quizuri/quiz1-concepte.html,tic/cls7,32,0,0,0,0,0,0,0,0,0,0
tic/cls7/extra-baze-date/quizuri/quiz2-tabele.html,tic/cls7,28,0,0,0,0,0,0,0,0,0,0
tic/cls7/extra-baze-date/quizuri/quiz3-tipuri.html,tic/cls7,28,0,0,0,0,0,0,0,0,0,0
tic/cls7/extra-baze-date/quizuri/quiz4-relatii.html,tic/cls7,83,0,0,0,0,0,0,0,0,0,0
tic/cls7/extra-baze-date/quizuri/quiz5-interogari.html,tic/cls7,68,0,0,0,0,0,0,0,0,0,0
tic/cls6/m1-prezentari/lectia1-powerpoint-intro.html,tic/cls6,3014,0,0,5,5,4,4,0,0,0,0
tic/cls6/m1-prezentari/lectia2-slide-uri.html,tic/cls6,3541,0,0,7,7,4,4,0,0,0,0
tic/cls6/m1-prezentari/lectia3-text-imagini.html,tic/cls6,4591,0,0,10,10,3,3,0,0,0,0
tic/cls6/m1-prezentari/lectia4-animatii.html,tic/cls6,2700,0,0,5,5,3,3,0,0,0,0
tic/cls6/m1-prezentari/lectia5-tranzitii.html,tic/cls6,2702,0,0,5,5,3,3,0,0,0,0
tic/cls6/m1-prezentari/lectia6-proiect.html,tic/cls6,2582,0,0,8,8,3,3,0,0,0,1
tic/cls6/m2-animatii-scratch/lectia1-interfata.html,tic/cls6,1823,0,0,7,7,3,3,0,0,0,0
tic/cls6/m2-animatii-scratch/lectia2-miscare.html,tic/cls6,2321,0,0,6,6,4,4,0,0,0,0
tic/cls6/m2-animatii-scratch/lectia3-evenimente.html,tic/cls6,2307,0,0,6,6,4,4,0,0,0,0
tic/cls6/m2-animatii-scratch/lectia4-variabile.html,tic/cls6,3107,0,0,7,7,4,4,0,0,0,0
tic/cls6/m2-animatii-scratch/lectia5-conditii.html,tic/cls6,2611,0,0,7,7,4,4,0,0,0,0
tic/cls6/m2-animatii-scratch/lectia6-bucle.html,tic/cls6,3554,0,0,8,8,5,5,0,0,0,0
tic/cls6/m2-animatii-scratch/prezentare-introducere-scratch.html,tic/cls6,1330,0,0,0,0,0,0,0,0,0,0
tic/cls6/m3-algoritmi-reprezentare/lectia1-daca-atunci.html,tic/cls6,2338,0,0,6,6,5,5,0,0,0,1
tic/cls6/m3-algoritmi-reprezentare/lectia2-daca-altfel.html,tic/cls6,3852,0,0,10,10,3,3,0,0,0,0
tic/cls6/m3-algoritmi-reprezentare/lectia3-operatori-logici.html,tic/cls6,3388,0,0,10,10,3,3,0,0,0,0
tic/cls6/m3-algoritmi-reprezentare/lectia4-bucla-repeta.html,tic/cls6,3053,0,0,7,7,4,4,0,0,0,0
tic/cls6/m3-algoritmi-reprezentare/lectia5-repeta-pana-cand.html,tic/cls6,2850,0,0,6,6,4,4,0,0,0,0
tic/cls6/m3-algoritmi-reprezentare/lectia6-proiect-labirint.html,tic/cls6,1867,0,0,3,3,4,4,0,0,0,0
tic/cls6/m4-comunicare/lectia1-email-intro.html,tic/cls6,2554,0,0,5,5,3,3,0,0,0,0
tic/cls6/m4-comunicare/lectia2-email-compunere.html,tic/cls6,3305,0,0,7,7,3,3,0,1,0,0
tic/cls6/m4-comunicare/lectia3-atasamente.html,tic/cls6,2883,0,0,5,5,3,3,0,1,0,0
tic/cls6/m4-comunicare/lectia4-netiquette.html,tic/cls6,2059,0,0,5,5,3,3,0,0,0,0
tic/cls6/m4-comunicare/lectia5-colaborare.html,tic/cls6,2195,0,0,5,5,3,3,0,1,0,0
tic/cls6/m4-comunicare/lectia6-proiect.html,tic/cls6,1346,0,0,0,1,3,3,0,0,0,0
tic/cls6/m5-proiecte-recap/lectia1-planificare.html,tic/cls6,2474,0,0,6,6,3,3,0,0,0,1
tic/cls6/m5-proiecte-recap/lectia2-personaje.html,tic/cls6,2462,0,0,5,5,3,3,0,0,0,0
tic/cls6/m5-proiecte-recap/lectia3-fundal.html,tic/cls6,6269,0,0,10,10,3,3,0,0,0,0
tic/cls6/m5-proiecte-recap/lectia4-mecanica.html,tic/cls6,3036,0,0,7,7,3,3,0,0,0,0
tic/cls6/m5-proiecte-recap/lectia5-sunet.html,tic/cls6,2572,0,0,5,5,3,3,0,0,0,0
tic/cls6/m5-proiecte-recap/lectia6-finalizare.html,tic/cls6,4698,0,0,10,10,3,3,0,0,0,0
tic/cls6/m5-proiecte-recap/lectia7-prezentari.html,tic/cls6,1666,0,0,5,5,3,3,0,0,0,1
tic/cls6/m5-proiecte-recap/lectia8-comunicare.html,tic/cls6,1659,0,0,4,4,3,3,0,0,0,0
tic/cls6/m5-proiecte-recap/quizuri/quiz1-planificare.html,tic/cls6,29,0,0,0,0,0,0,0,0,0,0
tic/cls6/m5-proiecte-recap/quizuri/quiz2-personaje.html,tic/cls6,27,0,0,0,0,0,0,0,0,0,0
tic/cls6/m5-proiecte-recap/quizuri/quiz3-interactiune.html,tic/cls6,27,0,0,0,0,0,0,0,0,0,0
tic/cls6/m5-proiecte-recap/quizuri/quiz4-scor.html,tic/cls6,29,0,0,0,0,0,0,0,0,0,0
tic/cls6/m5-proiecte-recap/quizuri/quiz5-finalizare.html,tic/cls6,31,0,0,0,0,0,0,0,0,0,0
tic/cls6/m4-comunicare/quizuri/quiz1-email.html,tic/cls6,27,0,0,0,0,0,0,0,0,0,0
tic/cls6/m4-comunicare/quizuri/quiz2-mesagerie.html,tic/cls6,29,0,0,0,0,0,0,0,0,0,0
tic/cls6/m4-comunicare/quizuri/quiz3-retele.html,tic/cls6,29,0,0,0,0,0,0,0,0,0,0
tic/cls6/m4-comunicare/quizuri/quiz4-eticheta.html,tic/cls6,27,0,0,0,0,0,0,0,0,0,0
tic/cls6/m4-comunicare/quizuri/quiz5-colaborare.html,tic/cls6,25,0,0,0,0,0,0,0,0,0,0
tic/cls6/m3-algoritmi-reprezentare/quizuri/quiz1-conditii.html,tic/cls6,29,0,0,0,0,0,0,0,0,0,0
tic/cls6/m3-algoritmi-reprezentare/quizuri/quiz2-bucle.html,tic/cls6,27,0,0,0,0,0,0,0,0,0,0
tic/cls6/m3-algoritmi-reprezentare/quizuri/quiz3-variabile.html,tic/cls6,31,0,0,0,0,0,0,0,0,0,0
tic/cls6/m3-algoritmi-reprezentare/quizuri/quiz4-evenimente.html,tic/cls6,28,0,0,0,0,0,0,0,0,0,0
tic/cls6/m3-algoritmi-reprezentare/quizuri/quiz5-clone.html,tic/cls6,29,0,0,0,0,0,0,0,0,0,0
tic/cls6/m2-animatii-scratch/quizuri/quiz1-interfata.html,tic/cls6,25,0,0,0,0,0,0,0,0,0,0
tic/cls6/m2-animatii-scratch/quizuri/quiz2-sprite.html,tic/cls6,27,0,0,0,0,0,0,0,0,0,0
tic/cls6/m2-animatii-scratch/quizuri/quiz3-miscari.html,tic/cls6,27,0,0,0,0,0,0,0,0,0,0
tic/cls6/m2-animatii-scratch/quizuri/quiz4-aspect.html,tic/cls6,29,0,0,0,0,0,0,0,0,0,0
tic/cls6/m2-animatii-scratch/quizuri/quiz5-sunete.html,tic/cls6,27,0,0,0,0,0,0,0,0,0,0
tic/cls6/m1-prezentari/quizuri/quiz1-interfata.html,tic/cls6,25,0,0,0,0,0,0,0,0,0,0
tic/cls6/m1-prezentari/quizuri/quiz2-slide-uri.html,tic/cls6,27,0,0,0,0,0,0,0,0,0,0
tic/cls6/m1-prezentari/quizuri/quiz3-text.html,tic/cls6,27,0,0,0,0,0,0,0,0,0,0
tic/cls6/m1-prezentari/quizuri/quiz4-imagini.html,tic/cls6,27,0,0,0,0,0,0,0,0,0,0
tic/cls6/m1-prezentari/quizuri/quiz5-animatii.html,tic/cls6,27,0,0,0,0,0,0,0,0,0,0
tic/cls6/m1-prezentari/quizuri/quiz6-tranzitii.html,tic/cls6,27,0,0,0,0,0,0,0,0,0,0
tic/cls5/extra-birotice-cls7/lectia1-documente.html,tic/cls5,5982,0,0,13,13,3,3,0,0,0,0
tic/cls5/extra-birotice-cls7/lectia2-formatare-simpla.html,tic/cls5,4860,0,0,12,12,3,3,0,0,0,1
tic/cls5/extra-birotice-cls7/lectia3-tabele-simple.html,tic/cls5,4651,0,0,11,11,4,4,0,0,0,1
tic/cls5/extra-birotice-cls7/lectia4-imagini.html,tic/cls5,3447,0,0,10,10,3,3,0,0,0,1
tic/cls5/extra-birotice-cls7/lectia5-salvare.html,tic/cls5,2966,0,0,10,10,3,3,0,0,0,0
tic/cls5/extra-birotice-cls7/lectia6-proiect.html,tic/cls5,5071,0,0,10,10,3,3,0,0,0,0
tic/cls5/extra-birotice-cls7/lectia7-audio-video.html,tic/cls5,1373,0,0,5,5,3,3,0,0,0,0
tic/cls5/extra-birotice-cls7/lectia8-colaborative.html,tic/cls5,1622,0,0,5,5,3,3,0,0,0,0
tic/cls5/extra-birotice-cls7/lectia9-programare.html,tic/cls5,1475,0,0,5,5,3,3,0,0,0,0
tic/cls5/extra-siguranta-backup/lectia1-internet-sigur.html,tic/cls5,4688,0,0,10,10,3,3,0,0,0,0
tic/cls5/extra-siguranta-backup/lectia2-parole.html,tic/cls5,4445,0,0,10,10,3,3,0,0,0,0
tic/cls5/extra-siguranta-backup/lectia3-date-personale.html,tic/cls5,3710,0,0,10,10,3,3,0,0,0,0
tic/cls5/extra-siguranta-backup/lectia4-prezentari-intro.html,tic/cls5,3332,0,0,10,10,3,3,0,0,0,0
tic/cls5/extra-siguranta-backup/lectia5-prezentari-design.html,tic/cls5,3440,0,0,10,10,3,3,0,0,0,0
tic/cls5/extra-siguranta-backup/lectia6-proiect.html,tic/cls5,6910,0,0,10,10,3,3,0,0,0,0
tic/cls5/extra-siguranta-backup/lectia7-backup.html,tic/cls5,2177,0,0,6,6,3,3,0,0,0,0
tic/cls5/extra-siguranta-backup/lectia8-drepturi-autor.html,tic/cls5,2298,0,0,6,6,3,3,0,0,0,0
tic/cls5/extra-siguranta-backup/prezentare-internet-siguranta.html,tic/cls5,937,0,0,0,0,0,0,0,1,0,0
tic/cls5/extra-word-cls7/lectia1-primul-document.html,tic/cls5,4401,0,0,10,10,3,3,0,0,0,0
tic/cls5/extra-word-cls7/lectia2-formatare-text.html,tic/cls5,5215,0,0,12,12,4,4,0,0,0,1
tic/cls5/extra-word-cls7/lectia3-imagini-tabele.html,tic/cls5,4332,0,0,10,10,3,3,0,0,0,0
tic/cls5/extra-word-cls7/lectia4-liste.html,tic/cls5,4161,0,0,10,10,3,3,0,0,0,1
tic/cls5/extra-word-cls7/lectia5-antet-subsol.html,tic/cls5,4031,0,0,10,10,3,3,0,0,0,1
tic/cls5/extra-word-cls7/lectia6-tehnoredactare.html,tic/cls5,2753,0,0,8,8,3,3,0,0,0,0
tic/cls5/extra-word-cls7/lectia7-proiect.html,tic/cls5,3923,0,0,10,10,3,3,0,0,0,0
tic/cls5/m1-sisteme/lectia1-calculator.html,tic/cls5,2333,0,0,6,6,3,3,0,0,0,0
tic/cls5/m1-sisteme/lectia2-hardware.html,tic/cls5,2601,0,0,5,5,3,3,0,0,0,0
tic/cls5/m1-sisteme/lectia3-software.html,tic/cls5,2341,0,0,5,5,3,3,0,0,0,0
tic/cls5/m1-sisteme/lectia4-ergonomie.html,tic/cls5,2379,0,0,5,5,3,3,0,0,0,0
tic/cls5/m1-sisteme/lectia5-reguli.html,tic/cls5,3128,0,0,7,7,3,3,0,0,0,0
tic/cls5/m1-sisteme/lectia6-proiect.html,tic/cls5,1581,0,0,4,4,3,3,0,0,0,0
tic/cls5/m2-grafice-internet/lectia1-paint-interfata.html,tic/cls5,2648,0,0,6,6,3,3,0,0,0,0
tic/cls5/m2-grafice-internet/lectia2-desenare.html,tic/cls5,2427,0,15,6,6,3,3,0,0,0,0
tic/cls5/m2-grafice-internet/lectia3-culori-selectie.html,tic/cls5,3108,0,0,9,9,3,3,0,0,0,0
tic/cls5/m2-grafice-internet/lectia4-internet-browser.html,tic/cls5,3114,0,0,8,7,3,3,0,0,0,0
tic/cls5/m2-grafice-internet/lectia5-siguranta-online.html,tic/cls5,4309,0,0,8,8,3,3,0,0,0,0
tic/cls5/m2-grafice-internet/lectia6-proiect.html,tic/cls5,1871,0,0,5,5,3,3,0,0,0,0
tic/cls5/m2-grafice-internet/lectia7-evaluare.html,tic/cls5,1494,0,0,4,4,3,3,0,0,0,0
tic/cls5/m3-algoritmi/lectia1-ce-este-algoritm.html,tic/cls5,2335,0,0,5,5,3,3,0,1,0,0
tic/cls5/m3-algoritmi/lectia2-pasi-algoritm.html,tic/cls5,1674,0,0,4,4,3,3,0,0,0,1
tic/cls5/m3-algoritmi/lectia3-reprezentare-naturala.html,tic/cls5,1997,0,0,5,5,3,3,0,0,0,0
tic/cls5/m3-algoritmi/lectia4-schema-logica.html,tic/cls5,1797,0,0,5,5,3,3,0,0,0,0
tic/cls5/m3-algoritmi/lectia5-variabile-constante.html,tic/cls5,1850,0,0,5,5,3,3,0,0,0,0
tic/cls5/m3-algoritmi/lectia6-evaluare.html,tic/cls5,1966,0,0,4,4,3,3,0,0,0,0
tic/cls5/m4-scratch/lectia1-secvential.html,tic/cls5,2488,0,0,6,6,3,3,0,0,0,0
tic/cls5/m4-scratch/lectia2-animatii.html,tic/cls5,2160,0,0,8,8,3,3,0,0,0,0
tic/cls5/m4-scratch/lectia3-alternativ.html,tic/cls5,1326,0,0,4,4,3,3,0,0,0,0
tic/cls5/m4-scratch/lectia4-decizii-scratch.html,tic/cls5,1254,0,0,2,2,3,3,0,0,0,0
tic/cls5/m4-scratch/lectia5-proiect.html,tic/cls5,2403,0,0,4,4,3,3,0,0,0,0
tic/cls5/m4-scratch/lectia6-evaluare.html,tic/cls5,2981,0,0,8,8,3,3,0,0,0,0
tic/cls5/m4-scratch/prezentare-introducere-scratch.html,tic/cls5,1330,0,0,0,0,0,0,0,0,0,0
tic/cls5/m5-proiect/lectia1-recapitulare.html,tic/cls5,1687,0,0,4,4,3,3,0,0,0,0
tic/cls5/m5-proiect/lectia2-portofoliu-intro.html,tic/cls5,1827,0,0,4,4,3,3,0,0,0,0
tic/cls5/m5-proiect/lectia3-colectare.html,tic/cls5,1739,0,0,4,4,3,3,0,0,0,0
tic/cls5/m5-proiect/lectia4-organizare.html,tic/cls5,2195,0,0,5,5,6,6,0,0,0,0
tic/cls5/m5-proiect/lectia5-prezentare.html,tic/cls5,3887,0,0,8,8,3,3,0,0,0,1
tic/cls5/m5-proiect/lectia6-evaluare.html,tic/cls5,1489,0,0,3,3,3,3,0,0,0,0
tic/cls5/m5-proiect/quizuri/quiz1-recapitulare-pc.html,tic/cls5,28,0,0,0,0,0,0,0,0,0,0
tic/cls5/m5-proiect/quizuri/quiz2-recapitulare-paint.html,tic/cls5,25,0,0,0,0,0,0,0,0,0,0
tic/cls5/m5-proiect/quizuri/quiz3-recapitulare-word.html,tic/cls5,29,0,0,0,0,0,0,0,0,0,0
tic/cls5/m5-proiect/quizuri/quiz4-recapitulare-internet.html,tic/cls5,25,0,0,0,0,0,0,0,0,0,0
tic/cls5/m5-proiect/quizuri/quiz5-proiect-final.html,tic/cls5,27,0,0,0,0,0,0,0,0,0,0
tic/cls5/m4-scratch/quizuri/quiz1-secvential.html,tic/cls5,36,0,0,0,0,0,0,0,0,0,0
tic/cls5/m4-scratch/quizuri/quiz2-animatii.html,tic/cls5,27,0,0,0,0,0,0,0,0,0,0
tic/cls5/m4-scratch/quizuri/quiz3-alternativ.html,tic/cls5,31,0,0,0,0,0,0,0,0,0,0
tic/cls5/m4-scratch/quizuri/quiz4-decizii.html,tic/cls5,27,0,0,0,0,0,0,0,0,0,0
tic/cls5/m4-scratch/quizuri/quiz5-proiect.html,tic/cls5,25,0,0,0,0,0,0,0,0,0,0
tic/cls5/m3-algoritmi/quizuri/quiz1-ce-este-algoritm.html,tic/cls5,29,0,0,0,0,0,0,0,0,0,0
tic/cls5/m3-algoritmi/quizuri/quiz2-pasi.html,tic/cls5,25,0,0,0,0,0,0,0,0,0,0
tic/cls5/m3-algoritmi/quizuri/quiz3-reprezentare.html,tic/cls5,31,0,0,0,0,0,0,0,0,0,0
tic/cls5/m3-algoritmi/quizuri/quiz4-schema-logica.html,tic/cls5,26,0,0,0,0,0,0,0,0,0,0
tic/cls5/m3-algoritmi/quizuri/quiz5-variabile.html,tic/cls5,27,0,0,0,0,0,0,0,0,0,0
tic/cls5/m2-grafice-internet/quizuri/quiz1-paint-interfata.html,tic/cls5,25,0,0,0,0,0,0,0,0,0,0
tic/cls5/m2-grafice-internet/quizuri/quiz2-desenare.html,tic/cls5,27,0,0,0,0,0,0,0,0,0,0
tic/cls5/m2-grafice-internet/quizuri/quiz3-culori.html,tic/cls5,27,0,0,0,0,0,0,0,0,0,0
tic/cls5/m2-grafice-internet/quizuri/quiz4-internet.html,tic/cls5,25,0,0,0,0,0,0,0,0,0,0
tic/cls5/m2-grafice-internet/quizuri/quiz5-siguranta.html,tic/cls5,25,0,0,0,0,0,0,0,0,0,0
tic/cls5/m1-sisteme/quizuri/quiz1-componente.html,tic/cls5,25,0,0,0,0,0,0,0,0,0,0
tic/cls5/m1-sisteme/quizuri/quiz2-software.html,tic/cls5,31,0,0,0,0,0,0,0,0,0,0
tic/cls5/m1-sisteme/quizuri/quiz3-ferestre.html,tic/cls5,29,0,0,0,0,0,0,0,0,0,0
tic/cls5/m1-sisteme/quizuri/quiz4-fisiere.html,tic/cls5,27,0,0,0,0,0,0,0,0,0,0
tic/cls5/m1-sisteme/quizuri/quiz5-organizare.html,tic/cls5,27,0,0,0,0,0,0,0,0,0,0
tic/cls5/extra-word-cls7/quizuri/quiz1-documente.html,tic/cls5,27,0,0,0,0,0,0,0,0,0,0
tic/cls5/extra-word-cls7/quizuri/quiz2-formatare.html,tic/cls5,25,0,0,0,0,0,0,0,0,0,0
tic/cls5/extra-word-cls7/quizuri/quiz3-paragrafe.html,tic/cls5,27,0,0,0,0,0,0,0,0,0,0
tic/cls5/extra-word-cls7/quizuri/quiz4-inserare.html,tic/cls5,25,0,0,0,0,0,0,0,0,0,0
tic/cls5/extra-word-cls7/quizuri/quiz5-finalizare.html,tic/cls5,25,0,0,0,0,0,0,0,0,0,0
tic/cls5/extra-siguranta-backup/quizuri/quiz1-internet.html,tic/cls5,29,0,0,0,0,0,0,0,0,0,0
tic/cls5/extra-siguranta-backup/quizuri/quiz2-browser.html,tic/cls5,29,0,0,0,0,0,0,0,0,0,0
tic/cls5/extra-siguranta-backup/quizuri/quiz3-siguranta.html,tic/cls5,31,0,0,0,0,0,0,0,0,0,0
tic/cls5/extra-siguranta-backup/quizuri/quiz4-parole.html,tic/cls5,31,0,0,0,0,0,0,0,0,0,0
tic/cls5/extra-siguranta-backup/quizuri/quiz5-comportament.html,tic/cls5,29,0,0,0,0,0,0,0,0,0,0
tic/cls5/extra-birotice-cls7/quizuri/quiz1-paint.html,tic/cls5,26,0,0,0,0,0,0,0,0,0,0
tic/cls5/extra-birotice-cls7/quizuri/quiz2-instrumente.html,tic/cls5,27,0,0,0,0,0,0,0,0,0,0
tic/cls5/extra-birotice-cls7/quizuri/quiz3-forme.html,tic/cls5,27,0,0,0,0,0,0,0,0,0,0
tic/cls5/extra-birotice-cls7/quizuri/quiz4-text.html,tic/cls5,27,0,0,0,0,0,0,0,0,0,0
tic/cls5/extra-birotice-cls7/quizuri/quiz5-proiecte.html,tic/cls5,28,0,0,0,0,0,0,0,0,0,0
profesional/sanitar/an2-farmacie/c1-sistem-de-operare/lectia1-interfata-organizare.html,profesional/sanitar,3427,0,0,7,6,3,3,0,1,0,0
profesional/sanitar/an2-farmacie/c1-sistem-de-operare/lectia2-securitate-copii.html,profesional/sanitar,3494,0,0,7,6,3,3,0,1,0,0
profesional/sanitar/an2-farmacie/c2-word-excel/lectia1-documente-farmacie.html,profesional/sanitar,2983,0,0,7,6,3,3,0,1,0,0
profesional/sanitar/an2-farmacie/c2-word-excel/lectia2-calcul-tabelar-stocuri.html,profesional/sanitar,3382,0,0,7,6,3,3,0,1,0,0
profesional/sanitar/an2-farmacie/c2-word-excel/lectia3-formule-adaos.html,profesional/sanitar,3306,0,0,7,6,3,3,0,1,0,0
profesional/sanitar/an2-farmacie/c2-word-excel/lectia4-grafice.html,profesional/sanitar,3590,0,0,8,7,3,3,0,1,0,0
profesional/sanitar/an2-farmacie/c3-baze-de-date/lectia1-tipuri-structura.html,profesional/sanitar,2774,0,0,7,6,3,3,0,1,0,0
profesional/sanitar/an2-farmacie/c3-baze-de-date/lectia2-operatii-incarcare.html,profesional/sanitar,3451,0,0,7,6,3,3,0,1,0,0
profesional/sanitar/an2-farmacie/c3-baze-de-date/lectia3-exploatare.html,profesional/sanitar,3427,0,0,7,6,3,3,0,1,0,0
profesional/sanitar/an2-farmacie/c4-internet/lectia1-surse-oficiale.html,profesional/sanitar,3371,0,0,7,6,3,3,0,1,0,0
profesional/sanitar/an2-farmacie/c4-internet/lectia2-transmitere.html,profesional/sanitar,2947,0,0,7,6,3,3,0,1,0,0
profesional/sanitar/an2-farmacie/c5-prezentare/lectia1-structurare-prezentare.html,profesional/sanitar,3021,0,0,7,6,3,3,0,1,0,0
profesional/sanitar/an2-farmacie/c5-prezentare/lectia2-produs-final.html,profesional/sanitar,3699,0,0,7,6,3,3,0,1,0,0
profesional/sanitar/an1-medicina/c1-sistem-de-operare/lectia1-interfata-windows.html,profesional/sanitar,2967,0,0,7,6,3,3,0,1,0,0
profesional/sanitar/an1-medicina/c1-sistem-de-operare/lectia2-organizarea-informatiilor.html,profesional/sanitar,3264,0,0,7,6,3,3,0,1,0,0
profesional/sanitar/an1-medicina/c1-sistem-de-operare/lectia3-securitate-copii.html,profesional/sanitar,3317,0,0,7,6,3,3,0,1,0,0
profesional/sanitar/an1-medicina/c2-word-excel/lectia1-procesor-texte.html,profesional/sanitar,3639,0,0,8,7,4,4,0,1,0,0
profesional/sanitar/an1-medicina/c2-word-excel/lectia2-calcul-tabelar-structura.html,profesional/sanitar,3467,0,0,7,6,3,3,0,1,0,0
profesional/sanitar/an1-medicina/c2-word-excel/lectia3-prelucrarea-informatiilor.html,profesional/sanitar,3453,0,0,7,6,3,3,0,1,0,0
profesional/sanitar/an1-medicina/c2-word-excel/lectia4-reprezentari-grafice.html,profesional/sanitar,2940,0,0,7,6,3,3,0,1,0,0
profesional/sanitar/an1-medicina/c2-word-excel/lectia5-word-vs-excel.html,profesional/sanitar,3258,0,0,7,6,3,3,0,1,0,0
profesional/sanitar/an1-medicina/c3-baze-de-date/lectia1-tipuri-structura.html,profesional/sanitar,2908,0,0,7,6,3,3,0,1,0,0
profesional/sanitar/an1-medicina/c3-baze-de-date/lectia2-operatii-incarcare.html,profesional/sanitar,4509,0,0,7,6,3,3,0,1,0,0
profesional/sanitar/an1-medicina/c3-baze-de-date/lectia3-exploatare.html,profesional/sanitar,3674,0,0,7,6,3,3,0,1,0,0
profesional/sanitar/an1-medicina/c4-internet-si-date/lectia1-cautare-surse-medicale.html,profesional/sanitar,3823,0,0,7,6,3,3,0,1,0,0
profesional/sanitar/an1-medicina/c4-internet-si-date/lectia2-transmitere-comunicare.html,profesional/sanitar,3318,0,0,7,6,3,3,0,1,0,0
profesional/sanitar/an1-medicina/c4-internet-si-date/lectia3-protectia-datelor.html,profesional/sanitar,3393,0,0,7,6,3,3,0,1,0,0
profesional/sanitar/an1-medicina/c5-prezentare/lectia1-structurarea-informatiei.html,profesional/sanitar,3032,0,0,7,6,3,3,0,1,0,0
profesional/sanitar/an1-medicina/c5-prezentare/lectia2-prezentare-eficienta.html,profesional/sanitar,2562,0,0,7,6,3,3,0,1,0,0
profesional/sanitar/an1-medicina/c5-prezentare/lectia3-produs-final.html,profesional/sanitar,3615,0,0,7,6,5,5,0,1,0,0
profesional/maistri/an1/c1-aplicatii-software/lectia1-structura-tabelului.html,profesional/maistri,2702,0,0,7,6,3,3,0,1,0,0
profesional/maistri/an1/c1-aplicatii-software/lectia2-formatare.html,profesional/maistri,3241,0,0,7,6,3,3,0,1,0,0
profesional/maistri/an1/c1-aplicatii-software/lectia3-prelucrarea-informatiilor.html,profesional/maistri,2809,0,0,7,6,3,3,0,1,0,0
profesional/maistri/an1/c1-aplicatii-software/lectia4-diagrame.html,profesional/maistri,3178,0,0,7,6,3,3,0,1,0,0
profesional/maistri/an1/c1-aplicatii-software/lectia5-inserare-obiecte.html,profesional/maistri,3700,0,0,7,6,3,3,0,1,0,0
profesional/maistri/an1/c1-aplicatii-software/lectia6-evaluare-c1.html,profesional/maistri,3156,0,0,7,6,3,3,0,1,0,0
profesional/maistri/an1/c2-baze-de-date/lectia1-tipuri-de-date.html,profesional/maistri,2955,0,0,7,6,3,3,0,1,0,0
profesional/maistri/an1/c2-baze-de-date/lectia2-structura-bazei.html,profesional/maistri,2845,0,0,7,6,3,3,0,1,0,0
profesional/maistri/an1/c2-baze-de-date/lectia3-operatii-pe-tabel.html,profesional/maistri,3543,0,0,7,6,3,3,0,1,0,0
profesional/maistri/an1/c2-baze-de-date/lectia4-incarcarea-bazei.html,profesional/maistri,3694,0,0,7,6,3,3,0,1,0,0
profesional/maistri/an1/c2-baze-de-date/lectia5-exploatarea-bazei.html,profesional/maistri,3150,0,0,7,6,3,3,0,1,0,0
profesional/maistri/an1/c2-baze-de-date/lectia6-evaluare-c2.html,profesional/maistri,4282,0,0,7,6,3,3,0,1,0,0
profesional/maistri/an1/c3-internet/lectia1-cautare-documentatie.html,profesional/maistri,3026,0,0,7,6,3,3,0,1,0,0
profesional/maistri/an1/c3-internet/lectia2-surse-de-incredere.html,profesional/maistri,3313,0,0,7,6,3,3,0,1,0,0
profesional/maistri/an1/c3-internet/lectia3-transmitere-schimb.html,profesional/maistri,3504,0,0,7,6,3,3,0,1,0,0
profesional/maistri/an1/c3-internet/lectia4-evaluare-c3.html,profesional/maistri,3033,0,0,7,6,3,3,0,1,0,0
liceu/umanist/cls9/m1-sisteme-retele/lectia1-sisteme-calcul.html,liceu/umanist,1918,0,0,6,5,3,3,0,1,0,0
liceu/umanist/cls9/m1-sisteme-retele/lectia2-retele-internet.html,liceu/umanist,2494,0,0,7,6,3,3,0,1,0,0
liceu/umanist/cls9/m2-societate-digitala/lectia1-identitate-siguranta.html,liceu/umanist,2014,0,0,6,5,3,3,0,1,0,0
liceu/umanist/cls9/m2-societate-digitala/lectia2-drepturi-gdpr.html,liceu/umanist,2794,0,0,6,5,3,3,0,1,0,0
liceu/umanist/cls9/m2-societate-digitala/lectia3-comunicare-ai.html,liceu/umanist,2837,0,0,6,5,3,3,0,1,0,1
liceu/umanist/cls12/m1-competente-digitale/lectia1-calculator-fisiere.html,liceu/umanist,2580,0,0,7,6,3,3,0,1,0,0
liceu/umanist/cls12/m1-competente-digitale/lectia2-procesare-text.html,liceu/umanist,3429,0,0,6,6,3,3,0,1,0,0
liceu/umanist/cls12/m1-competente-digitale/lectia3-calcul-tabelar.html,liceu/umanist,2424,0,0,6,5,3,3,0,1,0,0
liceu/umanist/cls12/m1-competente-digitale/lectia4-prezentari-internet.html,liceu/umanist,2674,0,0,7,6,3,3,0,1,0,1
liceu/umanist/cls12/m1-competente-digitale/lectia5-editare-imagini.html,liceu/umanist,3470,0,0,6,5,3,3,0,1,0,0
liceu/umanist/cls12/m1-competente-digitale/lectia6-proiect-integrator.html,liceu/umanist,2594,0,0,7,6,3,3,0,1,0,0
liceu/umanist/cls11/m1-prezentari-multimedia/lectia1-prezentare-eficienta.html,liceu/umanist,2285,0,0,6,5,3,3,0,1,0,0
liceu/umanist/cls11/m1-prezentari-multimedia/lectia2-audio-video.html,liceu/umanist,2453,0,0,7,6,3,3,0,1,0,0
liceu/umanist/cls11/m2-imagini-web/lectia1-imagine-digitala.html,liceu/umanist,2582,0,0,7,6,3,3,0,1,0,0
liceu/umanist/cls11/m2-imagini-web/lectia2-pagini-web.html,liceu/umanist,2353,0,0,7,6,3,3,0,1,0,0
liceu/umanist/cls10/m1-procesare-text/lectia1-documente-formatare.html,liceu/umanist,2180,0,0,6,5,3,3,0,1,0,0
liceu/umanist/cls10/m1-procesare-text/lectia2-stiluri-cuprins.html,liceu/umanist,2148,0,0,6,5,3,3,0,1,0,0
liceu/umanist/cls10/m1-procesare-text/lectia3-corespondenta-aplicatie.html,liceu/umanist,3321,0,0,11,10,3,3,0,1,0,0
liceu/umanist/cls10/m2-calcul-tabelar/lectia1-tabel-formule.html,liceu/umanist,2476,0,0,6,5,3,3,0,1,0,0
liceu/umanist/cls10/m2-calcul-tabelar/lectia2-functii-diagrame.html,liceu/umanist,2371,0,0,6,5,3,3,0,1,0,0
liceu/umanist/cls10/m2-calcul-tabelar/lectia3-aplicatie.html,liceu/umanist,2800,0,0,6,5,3,3,0,1,0,0
liceu/tehnologic/cls9/m1-sisteme-retele/lectia1-sisteme-calcul.html,liceu/tehnologic,2263,0,0,7,6,3,3,0,1,0,0
liceu/tehnologic/cls9/m1-sisteme-retele/lectia2-retele-internet.html,liceu/tehnologic,2177,0,0,7,6,3,3,0,1,0,0
liceu/tehnologic/cls9/m2-societate-digitala/lectia1-identitate-siguranta.html,liceu/tehnologic,2140,0,0,6,5,3,3,0,1,0,0
liceu/tehnologic/cls9/m2-societate-digitala/lectia2-drepturi-gdpr.html,liceu/tehnologic,2631,0,0,7,6,3,3,0,1,0,0
liceu/tehnologic/cls9/m2-societate-digitala/lectia3-comunicare-ai.html,liceu/tehnologic,2586,0,0,7,6,3,3,0,1,0,0
liceu/tehnologic/cls12/m1-competente-digitale/lectia1-calculator-fisiere.html,liceu/tehnologic,3411,0,0,7,6,3,3,0,1,0,1
liceu/tehnologic/cls12/m1-competente-digitale/lectia2-procesare-text.html,liceu/tehnologic,2742,0,0,6,5,3,3,0,1,0,0
liceu/tehnologic/cls12/m1-competente-digitale/lectia3-calcul-tabelar.html,liceu/tehnologic,3251,0,0,6,5,3,3,0,1,0,0
liceu/tehnologic/cls12/m1-competente-digitale/lectia4-prezentari-internet.html,liceu/tehnologic,3993,0,0,7,6,3,3,0,1,0,1
liceu/tehnologic/cls12/m1-competente-digitale/lectia5-editare-imagini.html,liceu/tehnologic,2380,0,0,6,5,3,3,0,1,0,0
liceu/tehnologic/cls12/m1-competente-digitale/lectia6-proiect-integrator.html,liceu/tehnologic,3054,0,0,6,6,3,3,0,1,0,0
liceu/tehnologic/cls12/m2-web-creare-site/lectia1-instrumente-web.html,liceu/tehnologic,3548,1,0,7,6,3,3,0,1,0,0
liceu/tehnologic/cls12/m2-web-creare-site/lectia2-structura-paginii.html,liceu/tehnologic,2730,0,0,7,6,3,3,0,1,0,0
liceu/tehnologic/cls12/m2-web-creare-site/lectia3-elemente-continut.html,liceu/tehnologic,3349,0,0,7,6,3,3,0,1,0,0
liceu/tehnologic/cls12/m2-web-creare-site/lectia4-navigare-linkuri.html,liceu/tehnologic,3025,0,0,7,6,3,3,0,1,0,0
liceu/tehnologic/cls12/m2-web-creare-site/lectia5-criterii-publicare.html,liceu/tehnologic,3569,0,0,7,6,3,3,0,1,0,0
liceu/tehnologic/cls12/m3-management-proiect/lectia1-notiunea-de-proiect.html,liceu/tehnologic,2568,0,0,7,6,3,3,0,1,0,0
liceu/tehnologic/cls12/m3-management-proiect/lectia2-manager-echipa.html,liceu/tehnologic,2740,0,0,7,6,3,3,0,1,0,0
liceu/tehnologic/cls12/m3-management-proiect/lectia3-plan-wbs.html,liceu/tehnologic,3708,0,0,7,6,3,3,0,1,0,0
liceu/tehnologic/cls12/m3-management-proiect/lectia4-grafic-traiectorie-critica.html,liceu/tehnologic,3291,0,0,7,6,3,3,0,1,0,0
liceu/tehnologic/cls12/m3-management-proiect/lectia5-monitorizare-evaluare.html,liceu/tehnologic,3174,0,0,7,6,3,3,0,1,0,0
liceu/tehnologic/cls12/m4-instrumente-proiect/lectia1-instrumente-software.html,liceu/tehnologic,3696,0,0,7,6,3,3,0,1,0,0
liceu/tehnologic/cls12/m4-instrumente-proiect/lectia2-proiect-integrator.html,liceu/tehnologic,3552,0,0,7,6,3,3,0,1,0,0
liceu/tehnologic/cls11/m1-prezentari-multimedia/lectia1-prezentare-eficienta.html,liceu/tehnologic,2625,0,0,7,6,3,3,0,1,0,0
liceu/tehnologic/cls11/m1-prezentari-multimedia/lectia2-audio-video.html,liceu/tehnologic,2692,0,0,7,6,3,3,0,1,0,0
liceu/tehnologic/cls11/m2-imagini-web/lectia1-imagine-digitala.html,liceu/tehnologic,3405,0,0,7,6,3,3,0,1,0,1
liceu/tehnologic/cls11/m2-imagini-web/lectia2-pagini-web.html,liceu/tehnologic,2598,0,0,7,7,3,3,0,1,0,1
liceu/tehnologic/cls11/m3-date-si-informatii/lectia1-date-informatii.html,liceu/tehnologic,2467,0,0,6,5,3,3,0,1,0,0
liceu/tehnologic/cls11/m3-date-si-informatii/lectia2-flux-informational.html,liceu/tehnologic,3202,0,0,7,6,3,3,0,1,0,0
liceu/tehnologic/cls11/m3-date-si-informatii/lectia3-sistem-informatic.html,liceu/tehnologic,2664,0,0,7,6,3,3,0,1,0,0
liceu/tehnologic/cls11/m4-surse-si-cautare/lectia1-surse-informatie.html,liceu/tehnologic,3054,0,0,7,6,3,3,0,1,0,0
liceu/tehnologic/cls11/m4-surse-si-cautare/lectia2-tehnici-cautare.html,liceu/tehnologic,2652,0,0,8,7,3,3,0,1,0,0
liceu/tehnologic/cls11/m4-surse-si-cautare/lectia3-evaluarea-surselor.html,liceu/tehnologic,3160,0,0,8,7,3,3,0,1,0,0
liceu/tehnologic/cls11/m5-organizarea-datelor/lectia1-tipuri-de-date.html,liceu/tehnologic,3399,0,0,7,6,3,3,0,1,0,0
liceu/tehnologic/cls11/m5-organizarea-datelor/lectia2-structuri-de-date.html,liceu/tehnologic,3129,0,0,7,6,3,3,0,1,0,0
liceu/tehnologic/cls11/m5-organizarea-datelor/lectia3-aplicatie-organizare.html,liceu/tehnologic,3042,0,0,7,6,3,3,0,1,0,0
liceu/tehnologic/cls11/m6-prelucrarea-datelor/lectia1-operatori-aritmetici.html,liceu/tehnologic,2570,0,0,6,5,3,3,0,1,0,0
liceu/tehnologic/cls11/m6-prelucrarea-datelor/lectia2-operatori-relationali-logici.html,liceu/tehnologic,2941,0,0,7,6,3,3,0,1,0,0
liceu/tehnologic/cls11/m6-prelucrarea-datelor/lectia3-expresii-compuse.html,liceu/tehnologic,3037,0,0,7,6,3,3,0,1,0,0
liceu/tehnologic/cls11/m7-functii/lectia1-functii-aritmetice-statistice.html,liceu/tehnologic,3068,0,0,7,6,3,3,0,1,0,0
liceu/tehnologic/cls11/m7-functii/lectia2-functii-logice.html,liceu/tehnologic,3122,0,0,7,6,3,3,0,1,0,0
liceu/tehnologic/cls11/m7-functii/lectia3-functii-cautare-referinta.html,liceu/tehnologic,2912,0,0,8,7,3,3,0,1,0,0
liceu/tehnologic/cls11/m7-functii/lectia4-siruri-financiare-utilizator.html,liceu/tehnologic,2938,0,0,7,7,3,3,0,1,0,0
liceu/tehnologic/cls11/m8-instrumente-si-studii-de-caz/lectia1-schite-grafice-sabloane.html,liceu/tehnologic,3027,0,0,7,6,3,3,0,1,0,0
liceu/tehnologic/cls11/m8-instrumente-si-studii-de-caz/lectia2-rapoarte.html,liceu/tehnologic,2781,0,0,7,6,3,3,0,1,0,0
liceu/tehnologic/cls11/m8-instrumente-si-studii-de-caz/lectia3-documente-reale.html,liceu/tehnologic,3818,0,0,7,6,3,3,0,1,0,0
liceu/tehnologic/cls10/m1-procesare-text/lectia1-documente-formatare.html,liceu/tehnologic,2427,0,0,6,5,3,3,0,1,0,0
liceu/tehnologic/cls10/m1-procesare-text/lectia2-stiluri-cuprins.html,liceu/tehnologic,2292,0,0,6,5,3,3,0,0,0,0
liceu/tehnologic/cls10/m1-procesare-text/lectia3-corespondenta-aplicatie.html,liceu/tehnologic,2722,0,0,6,6,3,3,0,1,0,0
liceu/tehnologic/cls10/m2-calcul-tabelar/lectia1-tabel-formule.html,liceu/tehnologic,2149,0,0,6,5,3,3,0,1,0,0
liceu/tehnologic/cls10/m2-calcul-tabelar/lectia2-functii-diagrame.html,liceu/tehnologic,2269,0,0,6,5,3,3,0,1,0,0
liceu/tehnologic/cls10/m2-calcul-tabelar/lectia3-aplicatie.html,liceu/tehnologic,2637,0,0,6,5,3,3,0,1,0,1
liceu/tehnologic/cls10/m3-calcul-tabelar-avansat/lectia1-formule-functii.html,liceu/tehnologic,2844,0,0,7,6,3,3,0,1,0,0
liceu/tehnologic/cls10/m3-calcul-tabelar-avansat/lectia2-referinte.html,liceu/tehnologic,2818,0,0,7,6,3,3,0,1,0,0
liceu/tehnologic/cls10/m3-calcul-tabelar-avansat/lectia3-grafice-diagrame.html,liceu/tehnologic,3571,0,0,7,6,3,3,0,1,0,0
liceu/tehnologic/cls10/m3-calcul-tabelar-avansat/lectia4-tiparire-import.html,liceu/tehnologic,2698,0,0,7,6,3,3,0,1,0,0
liceu/tehnologic/cls10/m4-baze-de-date/lectia1-concepte-tabele.html,liceu/tehnologic,2717,0,0,6,5,3,3,0,1,0,0
liceu/tehnologic/cls10/m4-baze-de-date/lectia2-chei-relatii.html,liceu/tehnologic,2901,0,0,7,6,3,3,0,1,0,0
liceu/tehnologic/cls10/m4-baze-de-date/lectia3-formulare.html,liceu/tehnologic,3267,0,0,7,6,4,4,0,1,0,0
liceu/tehnologic/cls10/m4-baze-de-date/lectia4-interogari-filtre.html,liceu/tehnologic,3266,0,0,9,8,3,3,0,1,0,0
liceu/tehnologic/cls10/m4-baze-de-date/lectia5-rapoarte-aplicatie.html,liceu/tehnologic,3229,0,0,7,6,3,3,0,1,0,0
liceu/tehnologic/cls10/m5-prezentari-digitale/lectia1-creare-formatare.html,liceu/tehnologic,2539,0,0,7,6,3,3,0,1,0,0
liceu/tehnologic/cls10/m5-prezentari-digitale/lectia2-obiecte-diagrame.html,liceu/tehnologic,3157,0,0,7,6,3,3,0,1,0,0
liceu/tehnologic/cls10/m5-prezentari-digitale/lectia3-animatie-tranzitii.html,liceu/tehnologic,3051,0,0,7,6,3,3,0,1,0,0
liceu/tehnologic/cls10/m5-prezentari-digitale/lectia4-tiparire-aplicatie.html,liceu/tehnologic,3577,0,0,7,6,4,4,0,1,0,0
liceu/stiinte/cls9/m1-sisteme-retele/lectia1-sisteme-calcul.html,liceu/stiinte,3186,0,0,9,8,3,3,0,1,0,0
liceu/stiinte/cls9/m1-sisteme-retele/lectia2-retele-internet.html,liceu/stiinte,4302,0,0,7,6,3,3,0,1,0,0
liceu/stiinte/cls9/m2-societate-digitala/lectia1-identitate-siguranta.html,liceu/stiinte,1749,0,0,6,5,3,3,0,1,0,0
liceu/stiinte/cls9/m2-societate-digitala/lectia2-drepturi-gdpr.html,liceu/stiinte,1814,0,0,4,3,3,3,0,1,0,0
liceu/stiinte/cls9/m2-societate-digitala/lectia3-comunicare-ai.html,liceu/stiinte,2136,0,0,6,5,3,3,0,1,0,0
liceu/stiinte/cls12/m1-competente-digitale/lectia1-calculator-fisiere.html,liceu/stiinte,3209,0,0,6,6,3,3,0,1,0,0
liceu/stiinte/cls12/m1-competente-digitale/lectia2-procesare-text.html,liceu/stiinte,2652,0,0,6,5,3,3,0,1,0,0
liceu/stiinte/cls12/m1-competente-digitale/lectia3-calcul-tabelar.html,liceu/stiinte,2298,0,0,6,5,3,3,0,1,0,0
liceu/stiinte/cls12/m1-competente-digitale/lectia4-prezentari-internet.html,liceu/stiinte,2974,0,0,6,6,3,3,0,1,0,0
liceu/stiinte/cls12/m1-competente-digitale/lectia5-editare-imagini.html,liceu/stiinte,2981,0,0,6,6,3,3,0,1,0,0
liceu/stiinte/cls12/m1-competente-digitale/lectia6-proiect-integrator.html,liceu/stiinte,2801,0,0,6,5,3,3,0,1,0,0
liceu/stiinte/cls11/m1-prezentari-multimedia/lectia1-prezentare-eficienta.html,liceu/stiinte,2218,0,0,7,6,3,3,0,1,0,0
liceu/stiinte/cls11/m1-prezentari-multimedia/lectia2-audio-video.html,liceu/stiinte,2311,0,0,6,5,3,3,0,1,0,0
liceu/stiinte/cls11/m2-imagini-web/lectia1-imagine-digitala.html,liceu/stiinte,3449,0,0,6,6,3,3,0,1,0,0
liceu/stiinte/cls11/m2-imagini-web/lectia2-pagini-web.html,liceu/stiinte,2246,0,0,6,5,3,3,0,1,0,0
liceu/stiinte/cls10/m1-procesare-text/lectia1-documente-formatare.html,liceu/stiinte,3389,0,0,6,5,3,3,0,0,0,0
liceu/stiinte/cls10/m1-procesare-text/lectia2-stiluri-cuprins.html,liceu/stiinte,2562,0,0,6,5,3,3,0,1,0,0
liceu/stiinte/cls10/m1-procesare-text/lectia3-corespondenta-aplicatie.html,liceu/stiinte,2307,0,0,6,6,3,3,0,1,0,0
liceu/stiinte/cls10/m2-calcul-tabelar/lectia1-tabel-formule.html,liceu/stiinte,2369,0,0,7,6,3,3,0,1,0,0
liceu/stiinte/cls10/m2-calcul-tabelar/lectia2-functii-diagrame.html,liceu/stiinte,2741,0,0,6,5,3,3,0,1,0,0
liceu/stiinte/cls10/m2-calcul-tabelar/lectia3-aplicatie.html,liceu/stiinte,2496,0,0,6,5,3,3,0,1,0,0
liceu/stiinte/cls10/m3-imagini-digitale/lectia1-imagine-digitala.html,liceu/stiinte,2468,0,0,6,5,3,3,0,1,0,0
liceu/stiinte/cls10/m3-imagini-digitale/lectia2-editare-imagini.html,liceu/stiinte,2294,0,0,6,5,3,3,0,1,0,0
liceu/pedagogic/cls9/m1-sisteme-retele/lectia1-sisteme-calcul.html,liceu/pedagogic,2175,0,0,6,5,3,3,0,1,0,0
liceu/pedagogic/cls9/m1-sisteme-retele/lectia2-retele-internet.html,liceu/pedagogic,2455,0,0,7,6,3,3,0,1,0,1
liceu/pedagogic/cls9/m2-societate-digitala/lectia1-identitate-siguranta.html,liceu/pedagogic,2256,0,0,6,5,3,3,0,1,0,0
liceu/pedagogic/cls9/m2-societate-digitala/lectia2-drepturi-gdpr.html,liceu/pedagogic,2968,0,0,7,6,3,3,0,1,0,0
liceu/pedagogic/cls9/m2-societate-digitala/lectia3-comunicare-ai.html,liceu/pedagogic,2382,0,0,6,5,3,3,0,1,0,0
liceu/pedagogic/cls12/m1-competente-digitale/lectia1-calculator-fisiere.html,liceu/pedagogic,3279,0,0,6,6,3,3,0,1,0,0
liceu/pedagogic/cls12/m1-competente-digitale/lectia2-procesare-text.html,liceu/pedagogic,2480,0,0,6,5,3,3,0,1,0,0
liceu/pedagogic/cls12/m1-competente-digitale/lectia3-calcul-tabelar.html,liceu/pedagogic,3054,0,0,6,5,3,3,0,1,0,0
liceu/pedagogic/cls12/m1-competente-digitale/lectia4-prezentari-internet.html,liceu/pedagogic,2749,0,0,7,6,3,3,0,1,0,1
liceu/pedagogic/cls12/m1-competente-digitale/lectia5-editare-imagini.html,liceu/pedagogic,3104,0,0,7,6,3,3,0,1,0,0
liceu/pedagogic/cls12/m1-competente-digitale/lectia6-proiect-integrator.html,liceu/pedagogic,2823,0,0,6,5,3,3,0,1,0,0
liceu/pedagogic/cls11/m1-prezentari-multimedia/lectia1-prezentare-eficienta.html,liceu/pedagogic,2498,0,0,6,5,3,3,0,1,0,0
liceu/pedagogic/cls11/m1-prezentari-multimedia/lectia2-audio-video.html,liceu/pedagogic,2873,0,0,7,6,3,3,0,1,0,0
liceu/pedagogic/cls11/m2-imagini-web/lectia1-imagine-digitala.html,liceu/pedagogic,2670,0,0,6,6,3,3,0,1,0,0
liceu/pedagogic/cls11/m2-imagini-web/lectia2-pagini-web.html,liceu/pedagogic,2586,0,0,6,5,3,3,0,1,0,0
liceu/pedagogic/cls10/m1-procesare-text/lectia1-documente-formatare.html,liceu/pedagogic,3105,0,0,6,5,3,3,0,1,0,0
liceu/pedagogic/cls10/m1-procesare-text/lectia2-stiluri-cuprins.html,liceu/pedagogic,2429,0,0,6,5,3,3,0,1,0,0
liceu/pedagogic/cls10/m1-procesare-text/lectia3-corespondenta-aplicatie.html,liceu/pedagogic,2244,0,0,6,6,3,3,0,1,0,0
liceu/pedagogic/cls10/m2-calcul-tabelar/lectia1-tabel-formule.html,liceu/pedagogic,2227,0,0,6,5,3,3,0,1,0,0
liceu/pedagogic/cls10/m2-calcul-tabelar/lectia2-functii-diagrame.html,liceu/pedagogic,2491,0,0,7,6,3,3,0,1,0,0
liceu/pedagogic/cls10/m2-calcul-tabelar/lectia3-aplicatie.html,liceu/pedagogic,2502,0,0,6,5,3,3,0,1,0,0
liceu/militar/cls9/m1-sisteme-retele/lectia1-sisteme-calcul.html,liceu/militar,2960,0,0,7,6,3,3,0,1,0,0
liceu/militar/cls9/m1-sisteme-retele/lectia2-retele-internet.html,liceu/militar,3307,0,0,7,6,3,3,0,1,0,0
liceu/militar/cls9/m2-societate-digitala/lectia1-identitate-siguranta.html,liceu/militar,2328,0,0,6,6,3,3,0,1,0,0
liceu/militar/cls9/m2-societate-digitala/lectia2-drepturi-gdpr.html,liceu/militar,1600,0,0,4,3,3,3,0,1,0,0
liceu/militar/cls9/m2-societate-digitala/lectia3-comunicare-ai.html,liceu/militar,2392,0,0,6,5,3,3,0,1,0,0
liceu/militar/cls12/m1-competente-digitale/lectia1-calculator-fisiere.html,liceu/militar,2340,0,0,6,5,3,3,0,1,0,0
liceu/militar/cls12/m1-competente-digitale/lectia2-procesare-text.html,liceu/militar,3381,0,0,6,6,3,3,0,1,0,0
liceu/militar/cls12/m1-competente-digitale/lectia3-calcul-tabelar.html,liceu/militar,2694,0,0,7,6,3,3,0,0,0,0
liceu/militar/cls12/m1-competente-digitale/lectia4-prezentari-internet.html,liceu/militar,2140,0,0,6,5,3,3,0,1,0,0
liceu/militar/cls12/m1-competente-digitale/lectia5-editare-imagini.html,liceu/militar,2489,0,0,6,5,3,3,0,1,0,0
liceu/militar/cls12/m1-competente-digitale/lectia6-proiect-integrator.html,liceu/militar,2379,0,0,6,5,3,3,0,1,0,1
liceu/militar/cls11/m1-prezentari-multimedia/lectia1-prezentare-eficienta.html,liceu/militar,3205,0,0,6,6,3,3,0,1,0,1
liceu/militar/cls11/m1-prezentari-multimedia/lectia2-audio-video.html,liceu/militar,2411,0,0,6,5,3,3,0,1,0,0
liceu/militar/cls11/m2-imagini-web/lectia1-imagine-digitala.html,liceu/militar,3425,0,0,6,5,3,3,0,1,0,0
liceu/militar/cls11/m2-imagini-web/lectia2-pagini-web.html,liceu/militar,3773,0,0,7,6,3,3,0,1,0,0
liceu/militar/cls10/m1-procesare-text/lectia1-documente-formatare.html,liceu/militar,2283,0,0,6,6,3,3,0,1,0,0
liceu/militar/cls10/m1-procesare-text/lectia2-stiluri-cuprins.html,liceu/militar,2448,0,0,6,6,3,3,0,1,0,0
liceu/militar/cls10/m1-procesare-text/lectia3-corespondenta-aplicatie.html,liceu/militar,2312,0,0,7,7,3,3,0,1,0,0
liceu/militar/cls10/m2-calcul-tabelar/lectia1-tabel-formule.html,liceu/militar,2049,0,0,6,6,3,3,0,1,0,0
liceu/militar/cls10/m2-calcul-tabelar/lectia2-functii-diagrame.html,liceu/militar,2409,0,0,7,7,3,3,0,1,0,0
liceu/militar/cls10/m2-calcul-tabelar/lectia3-aplicatie.html,liceu/militar,2317,0,0,6,6,3,3,0,1,0,0
liceu/mat-info/cls9/m1-gandire-comp/lectia1-intro-algoritmi.html,liceu/mat-info,842,0,0,6,6,3,3,0,1,0,1
liceu/mat-info/cls9/m1-gandire-comp/lectia2-variabile-tipuri.html,liceu/mat-info,1497,0,0,5,5,3,3,0,0,0,0
liceu/mat-info/cls9/m1-gandire-comp/lectia3-expresii.html,liceu/mat-info,1550,0,0,6,6,4,4,0,1,0,0
liceu/mat-info/cls9/m1-gandire-comp/lectia4-intro-python.html,liceu/mat-info,803,0,0,4,4,3,3,0,0,0,0
liceu/mat-info/cls9/m1-gandire-comp/lectia5-intro-cpp.html,liceu/mat-info,1117,0,0,5,5,3,3,0,0,0,0
liceu/mat-info/cls9/m1-gandire-comp/lectia6-evaluare-expresii.html,liceu/mat-info,1815,0,0,6,6,4,4,0,1,0,0
liceu/mat-info/cls9/m2-structuri-control/lectia1-structura-if.html,liceu/mat-info,1649,0,0,6,6,3,3,0,1,0,0
liceu/mat-info/cls9/m2-structuri-control/lectia2-if-else-if.html,liceu/mat-info,1562,0,0,6,6,3,3,0,1,0,0
liceu/mat-info/cls9/m2-structuri-control/lectia3-bucla-for.html,liceu/mat-info,1594,0,0,6,6,3,3,0,1,0,0
liceu/mat-info/cls9/m2-structuri-control/lectia4-bucla-while.html,liceu/mat-info,1706,0,0,6,6,3,3,0,1,0,0
liceu/mat-info/cls9/m2-structuri-control/lectia5-algoritmi-simple.html,liceu/mat-info,1448,0,0,6,6,3,3,0,1,0,0
liceu/mat-info/cls9/m2-structuri-control/lectia6-probleme-bac.html,liceu/mat-info,1778,0,0,6,6,3,3,0,1,0,0
liceu/mat-info/cls9/m3-tic-baze/lectia1-sisteme-operare.html,liceu/mat-info,1624,0,0,7,7,3,3,0,1,0,0
liceu/mat-info/cls9/m3-tic-baze/lectia2-suite-office.html,liceu/mat-info,1317,0,0,5,5,3,3,0,1,0,0
liceu/mat-info/cls9/m3-tic-baze/lectia3-stocare-cloud.html,liceu/mat-info,1372,0,0,5,5,3,3,0,1,0,0
liceu/mat-info/cls9/m3-tic-baze/lectia4-navigare-eficienta.html,liceu/mat-info,1324,0,0,5,5,3,3,0,1,0,0
liceu/mat-info/cls9/m4-etica-digitala/lectia1-siguranta-online.html,liceu/mat-info,1462,0,0,6,6,3,3,0,1,0,0
liceu/mat-info/cls9/m4-etica-digitala/lectia2-phishing-malware.html,liceu/mat-info,1421,0,0,5,5,3,3,0,1,0,0
liceu/mat-info/cls9/m4-etica-digitala/lectia3-drepturi-autor.html,liceu/mat-info,1189,0,0,5,5,3,3,0,1,0,0
liceu/mat-info/cls9/m4-etica-digitala/lectia4-gdpr-confidentialitate.html,liceu/mat-info,1418,0,0,6,6,3,3,0,1,0,0
liceu/mat-info/cls12/m-bac-prep/lectia1-expresii-tipuri.html,liceu/mat-info,2225,0,0,6,6,3,3,0,1,0,1
liceu/mat-info/cls12/m-bac-prep/lectia2-structuri-control.html,liceu/mat-info,2174,0,0,6,6,3,3,0,1,0,0
liceu/mat-info/cls12/m-bac-prep/lectia3-vectori-matrice.html,liceu/mat-info,2331,0,0,6,6,3,3,0,1,0,0
liceu/mat-info/cls12/m-bac-prep/lectia4-recursivitate-master.html,liceu/mat-info,2258,0,0,6,6,3,3,0,1,0,0
liceu/mat-info/cls12/m-bac-prep/lectia5-backtracking-complet.html,liceu/mat-info,2068,0,0,6,6,3,3,0,1,0,0
liceu/mat-info/cls12/m-bac-prep/lectia6-grafuri-complet.html,liceu/mat-info,1795,0,0,6,6,3,3,0,1,0,0
liceu/mat-info/cls12/m-bac-prep/lectia7-strategii-examen.html,liceu/mat-info,2330,0,0,6,6,3,3,0,1,0,0
liceu/mat-info/cls12/m-bac-prep/lectia8-greseli-frecvente.html,liceu/mat-info,2097,0,0,6,6,3,3,0,1,0,0
liceu/mat-info/cls12/m1-oop/lectia1-subprograme.html,liceu/mat-info,1986,0,0,6,6,3,3,0,1,0,0
liceu/mat-info/cls12/m1-oop/lectia2-parametri.html,liceu/mat-info,1827,0,0,6,6,3,3,0,1,0,0
liceu/mat-info/cls12/m1-oop/lectia3-oop-intro.html,liceu/mat-info,1883,0,0,6,6,3,3,0,1,0,0
liceu/mat-info/cls12/m1-oop/lectia4-fisiere.html,liceu/mat-info,1936,0,0,6,6,3,3,0,1,0,0
liceu/mat-info/cls12/m1-oop/lectia5-gui-tkinter.html,liceu/mat-info,2368,0,0,6,6,3,3,0,1,0,0
liceu/mat-info/cls12/m1-oop/lectia6-proiect.html,liceu/mat-info,2022,0,0,6,6,3,3,0,1,0,0
liceu/mat-info/cls12/m2-algoritmi-eficienti/lectia1-matrice-avansate.html,liceu/mat-info,3783,0,0,6,6,3,3,0,1,0,0
liceu/mat-info/cls12/m2-algoritmi-eficienti/lectia2-factorial-factorizare.html,liceu/mat-info,2208,0,0,6,6,3,3,0,1,0,0
liceu/mat-info/cls12/m2-algoritmi-eficienti/lectia3-complexitate.html,liceu/mat-info,2170,0,0,6,6,3,3,0,1,0,0
liceu/mat-info/cls12/m2-algoritmi-eficienti/lectia4-cautare-binara.html,liceu/mat-info,1513,0,0,6,6,3,3,0,1,0,0
liceu/mat-info/cls12/m2-algoritmi-eficienti/lectia5-sortari-avansate.html,liceu/mat-info,2717,0,0,6,6,3,3,0,1,0,0
liceu/mat-info/cls12/m2-algoritmi-eficienti/lectia6-optimizari.html,liceu/mat-info,2191,0,0,6,6,3,3,0,1,0,0
liceu/mat-info/cls12/m3-web/lectia1-html-css-review.html,liceu/mat-info,3352,0,0,6,6,3,3,0,1,0,0
liceu/mat-info/cls12/m3-web/lectia2-responsive.html,liceu/mat-info,2232,0,0,6,6,3,3,0,1,0,0
liceu/mat-info/cls12/m3-web/lectia3-javascript-intro.html,liceu/mat-info,2097,0,0,6,6,3,3,0,1,0,0
liceu/mat-info/cls12/m3-web/lectia4-proiect-web.html,liceu/mat-info,2236,0,0,6,6,3,3,0,1,0,0
liceu/mat-info/cls11/m1-structuri-avansate/lectia1-stiva-intro.html,liceu/mat-info,1930,0,0,6,6,3,3,0,1,0,0
liceu/mat-info/cls11/m1-structuri-avansate/lectia2-stiva-aplicatii.html,liceu/mat-info,1945,0,0,6,6,3,3,0,1,0,0
liceu/mat-info/cls11/m1-structuri-avansate/lectia3-coada-intro.html,liceu/mat-info,1978,0,0,6,6,3,3,0,1,0,0
liceu/mat-info/cls11/m1-structuri-avansate/lectia4-coada-aplicatii.html,liceu/mat-info,2065,0,0,6,6,3,3,0,0,0,0
liceu/mat-info/cls11/m1-structuri-avansate/lectia5-grafuri-intro.html,liceu/mat-info,2540,0,0,6,6,3,3,0,1,0,0
liceu/mat-info/cls11/m1-structuri-avansate/lectia6-reprezentari-graf.html,liceu/mat-info,2065,0,0,6,6,3,3,0,1,0,0
liceu/mat-info/cls11/m2-algoritmi-complecsi/lectia1-recursivitate-avansata.html,liceu/mat-info,1983,0,0,6,6,3,3,0,1,0,0
liceu/mat-info/cls11/m2-algoritmi-complecsi/lectia2-backtracking-intro.html,liceu/mat-info,1802,0,0,6,6,3,3,0,1,0,0
liceu/mat-info/cls11/m2-algoritmi-complecsi/lectia3-permutari.html,liceu/mat-info,1744,0,0,6,6,3,3,0,1,0,0
liceu/mat-info/cls11/m2-algoritmi-complecsi/lectia4-aranjamente-combinari.html,liceu/mat-info,1960,0,0,6,6,3,3,0,1,0,0
liceu/mat-info/cls11/m2-algoritmi-complecsi/lectia5-submultimi.html,liceu/mat-info,1919,0,0,6,6,3,3,0,1,0,0
liceu/mat-info/cls11/m2-algoritmi-complecsi/lectia6-backtracking-aplicatii.html,liceu/mat-info,2350,0,0,6,6,3,3,0,1,0,0
liceu/mat-info/cls11/m3-grafuri/lectia1-lanturi-cicluri.html,liceu/mat-info,2280,0,0,6,6,3,3,0,1,0,0
liceu/mat-info/cls11/m3-grafuri/lectia2-parcurgere-dfs.html,liceu/mat-info,1800,0,0,6,6,3,3,0,1,0,0
liceu/mat-info/cls11/m3-grafuri/lectia3-parcurgere-bfs.html,liceu/mat-info,2379,0,0,6,6,3,3,0,1,0,0
liceu/mat-info/cls11/m3-grafuri/lectia4-conexitate.html,liceu/mat-info,2460,0,0,6,6,3,3,0,1,0,0
liceu/mat-info/cls11/m3-grafuri/lectia5-arbori.html,liceu/mat-info,2421,0,0,6,6,3,3,0,1,0,0
liceu/mat-info/cls11/m3-grafuri/lectia6-aplicatii-grafuri.html,liceu/mat-info,2551,0,0,6,6,3,3,0,1,0,0
liceu/mat-info/cls11/m4-cybersecurity/lectia1-amenintari-avansate.html,liceu/mat-info,2111,0,0,6,6,3,3,0,1,0,0
liceu/mat-info/cls11/m4-cybersecurity/lectia2-inginerie-sociala.html,liceu/mat-info,2108,0,0,6,6,3,3,0,0,0,0
liceu/mat-info/cls11/m4-cybersecurity/lectia3-criptografie-intro.html,liceu/mat-info,1699,0,0,6,6,3,3,0,1,0,0
liceu/mat-info/cls11/m4-cybersecurity/lectia4-ai-intro.html,liceu/mat-info,1964,0,0,6,6,3,3,0,1,0,0
liceu/mat-info/cls11/m4-cybersecurity/lectia5-ai-etica.html,liceu/mat-info,2290,0,0,6,6,3,3,0,1,0,0
liceu/mat-info/cls10/m1-structuri-date/lectia1-vectori-intro.html,liceu/mat-info,1463,0,0,6,6,3,3,0,0,0,0
liceu/mat-info/cls10/m1-structuri-date/lectia2-operatii-vectori.html,liceu/mat-info,1913,0,0,6,6,3,3,0,1,0,0
liceu/mat-info/cls10/m1-structuri-date/lectia3-secvente.html,liceu/mat-info,1995,0,0,6,6,3,3,0,1,0,0
liceu/mat-info/cls10/m1-structuri-date/lectia4-matrice-intro.html,liceu/mat-info,1886,0,0,6,6,3,3,0,1,0,0
liceu/mat-info/cls10/m1-structuri-date/lectia5-matrice-operatii.html,liceu/mat-info,2241,0,0,6,6,3,3,0,1,0,0
liceu/mat-info/cls10/m1-structuri-date/lectia6-siruri-caractere.html,liceu/mat-info,2056,0,0,6,6,3,3,0,1,0,0
liceu/mat-info/cls10/m2-algoritmi-baza/lectia1-sortari.html,liceu/mat-info,2675,0,0,7,7,3,3,0,1,0,0
liceu/mat-info/cls10/m2-algoritmi-baza/lectia2-euclid.html,liceu/mat-info,1685,0,0,6,6,3,3,0,1,0,0
liceu/mat-info/cls10/m2-algoritmi-baza/lectia3-numere-prime.html,liceu/mat-info,2115,0,0,6,6,3,3,0,1,0,0
liceu/mat-info/cls10/m2-algoritmi-baza/lectia4-factorizare.html,liceu/mat-info,2018,0,0,6,6,3,3,0,1,0,0
liceu/mat-info/cls10/m2-algoritmi-baza/lectia5-recursivitate-intro.html,liceu/mat-info,1674,0,0,6,6,3,3,0,1,0,0
liceu/mat-info/cls10/m2-algoritmi-baza/lectia6-recursivitate-aplicatii.html,liceu/mat-info,2058,0,0,6,6,3,3,0,1,0,0
liceu/mat-info/cls10/m3-retele-securitate/lectia1-retele-internet.html,liceu/mat-info,2046,0,0,6,6,3,3,0,1,0,0
liceu/mat-info/cls10/m3-retele-securitate/lectia2-protocoale.html,liceu/mat-info,2440,0,0,6,6,3,3,0,1,0,0
liceu/mat-info/cls10/m3-retele-securitate/lectia3-backup-stocare.html,liceu/mat-info,1975,0,0,6,6,3,3,0,1,0,0
liceu/mat-info/cls10/m3-retele-securitate/lectia4-securitate-avansata.html,liceu/mat-info,1778,0,0,6,6,3,3,0,0,0,0
liceu/artistic/cls9/m1-societate-digitala/lectia1-forme-comunicare.html,liceu/artistic,3480,0,0,7,7,3,3,0,1,0,0
liceu/artistic/cls9/m1-societate-digitala/lectia10-tehnologii-emergente.html,liceu/artistic,3941,0,0,7,7,3,3,0,1,0,0
liceu/artistic/cls9/m1-societate-digitala/lectia2-email-neticheta.html,liceu/artistic,2953,0,0,6,6,3,3,0,1,0,0
liceu/artistic/cls9/m1-societate-digitala/lectia3-gestionare-mesaje-risc.html,liceu/artistic,4021,0,0,7,7,3,3,0,1,0,0
liceu/artistic/cls9/m1-societate-digitala/lectia4-resurse-partajate.html,liceu/artistic,3271,0,0,6,6,3,3,0,1,0,0
liceu/artistic/cls9/m1-societate-digitala/lectia5-platforme-invatare.html,liceu/artistic,3519,0,0,7,7,3,3,0,1,0,0
liceu/artistic/cls9/m1-societate-digitala/lectia6-ia-ce-este.html,liceu/artistic,3603,0,0,7,7,3,3,0,1,0,0
liceu/artistic/cls9/m1-societate-digitala/lectia7-ia-date-bias.html,liceu/artistic,3267,0,0,6,6,3,3,0,1,0,0
liceu/artistic/cls9/m1-societate-digitala/lectia8-modele-generative.html,liceu/artistic,3547,0,0,7,7,3,3,0,1,0,0
liceu/artistic/cls9/m1-societate-digitala/lectia9-ia-responsabila.html,liceu/artistic,3974,0,0,7,7,3,3,0,1,0,0
liceu/artistic/cls9/m2-continuturi-digitale/lectia1-text-ascii-unicode.html,liceu/artistic,3318,0,0,7,7,3,3,0,1,0,0
liceu/artistic/cls9/m2-continuturi-digitale/lectia2-formatare-profesionala.html,liceu/artistic,3308,0,0,7,7,3,3,0,1,0,0
liceu/artistic/cls9/m2-continuturi-digitale/lectia3-aspect-pagina.html,liceu/artistic,3658,0,0,7,7,3,3,0,1,0,0
liceu/artistic/cls9/m2-continuturi-digitale/lectia4-documente-lungi.html,liceu/artistic,3399,0,0,7,7,3,3,0,1,0,0
liceu/artistic/cls9/m2-continuturi-digitale/lectia5-colaborare-document.html,liceu/artistic,3379,0,0,7,7,3,3,0,1,0,0
liceu/artistic/cls9/m2-continuturi-digitale/lectia6-imbinare-corespondenta.html,liceu/artistic,3149,0,0,6,6,3,3,0,1,0,0
liceu/artistic/cls9/m2-continuturi-digitale/lectia7-ecuatii-campuri-ia.html,liceu/artistic,3843,0,0,6,6,3,3,0,1,0,0
liceu/artistic/cls9/m2-continuturi-digitale/lectia8-prezentari-baze.html,liceu/artistic,3448,0,0,6,6,3,3,0,1,0,0
liceu/artistic/cls9/m2-continuturi-digitale/lectia9-prezentari-interactive.html,liceu/artistic,4064,0,0,7,7,3,3,0,1,0,0
liceu/artistic/cls9/m3-sisteme-de-calcul/lectia1-arhitectura.html,liceu/artistic,3774,0,0,7,7,3,3,0,1,0,0
liceu/artistic/cls9/m3-sisteme-de-calcul/lectia10-fisiere-securitate.html,liceu/artistic,3444,0,0,7,7,3,3,0,1,0,0
liceu/artistic/cls9/m3-sisteme-de-calcul/lectia2-procesorul.html,liceu/artistic,3351,0,0,7,7,3,3,0,1,0,0
liceu/artistic/cls9/m3-sisteme-de-calcul/lectia3-memoria.html,liceu/artistic,3199,0,0,6,6,3,3,0,1,0,0
liceu/artistic/cls9/m3-sisteme-de-calcul/lectia4-stocarea.html,liceu/artistic,3987,0,0,7,7,3,3,0,1,0,0
liceu/artistic/cls9/m3-sisteme-de-calcul/lectia5-placa-baza-interfete.html,liceu/artistic,4101,0,0,7,7,3,3,0,1,0,1
liceu/artistic/cls9/m3-sisteme-de-calcul/lectia6-periferice-intrare.html,liceu/artistic,4636,0,0,7,7,3,3,0,1,0,0
liceu/artistic/cls9/m3-sisteme-de-calcul/lectia7-periferice-iesire.html,liceu/artistic,3742,0,0,7,7,3,3,0,1,0,0
liceu/artistic/cls9/m3-sisteme-de-calcul/lectia8-alimentare-racire.html,liceu/artistic,3955,0,0,7,7,3,3,0,1,0,0
liceu/artistic/cls9/m3-sisteme-de-calcul/lectia9-sistemul-de-operare.html,liceu/artistic,3319,0,0,6,6,3,3,0,1,0,0
liceu/artistic/cls11/m1-grafica-vectoriala/lectia1-cai-forme.html,liceu/artistic,2660,0,0,6,6,3,3,0,1,0,0
liceu/artistic/cls11/m1-grafica-vectoriala/lectia2-text-compozitie.html,liceu/artistic,2699,0,0,6,6,3,3,0,1,0,0
liceu/artistic/cls11/m1-grafica-vectoriala/lectia3-logo-afis.html,liceu/artistic,2826,0,0,6,6,3,3,0,1,0,0
liceu/artistic/cls11/m2-prezentari-multimedia/lectia1-prezentare-eficienta.html,liceu/artistic,2068,0,0,6,6,3,3,0,1,0,0
liceu/artistic/cls11/m2-prezentari-multimedia/lectia2-audio-video.html,liceu/artistic,2640,0,0,7,7,3,3,0,1,0,0
liceu/artistic/cls11/m3-web-portofoliu/lectia1-html-css-baza.html,liceu/artistic,2405,0,0,6,6,3,3,0,1,0,0
liceu/artistic/cls11/m3-web-portofoliu/lectia2-portofoliu-online.html,liceu/artistic,2519,0,0,6,6,3,3,0,1,0,0
liceu/artistic/cls10/m1-procesare-text/lectia1-documente-formatare.html,liceu/artistic,2910,0,0,8,8,3,3,0,1,0,0
liceu/artistic/cls10/m1-procesare-text/lectia2-stiluri-sabloane.html,liceu/artistic,2585,0,0,7,7,3,3,0,1,0,0
liceu/artistic/cls10/m1-procesare-text/lectia3-cv-portofoliu.html,liceu/artistic,2517,0,0,6,6,3,3,0,1,0,0
liceu/artistic/cls10/m2-calcul-tabelar/lectia1-tabel-formule.html,liceu/artistic,1932,0,0,6,6,3,3,0,1,0,0
liceu/artistic/cls10/m2-calcul-tabelar/lectia2-functii-diagrame.html,liceu/artistic,2215,0,0,7,7,3,3,0,1,0,0
liceu/artistic/cls10/m2-calcul-tabelar/lectia3-evidenta-buget.html,liceu/artistic,2116,0,0,6,6,3,3,0,1,0,0
liceu/artistic/cls10/m3-editare-imagine/lectia1-editor-straturi.html,liceu/artistic,2332,0,0,6,6,3,3,0,1,0,0
liceu/artistic/cls10/m3-editare-imagine/lectia2-ajustari-corectii.html,liceu/artistic,2026,0,0,7,7,3,3,0,1,0,0
liceu/artistic/cls10/m3-editare-imagine/lectia3-export-pregatire.html,liceu/artistic,2267,0,0,6,6,3,3,0,1,0,0
