atomic-learning.js	200	Verifica daca ai inteles	Verifică dacă ai înțeles
atomic-learning.js	204	Atentie! Raspunsul se blocheaza dupa selectare. Citeste cu atentie inainte de a alege!	Atenție! Răspunsul se blochează după selectare. Citește cu atenție înainte de a alege!
atomic-learning.js	330	Gandeste-te mai bine...	Gândește-te mai bine...
atomic-learning.js	400	Raspunsul corect este marcat cu verde.	Răspunsul corect este marcat cu verde.
atomic-learning.js	542	De ce inveti asta (obiectivele lectiei)	De ce înveți asta (obiectivele lecției)
atomic-learning.js	574	&larr; Inapoi	&larr; Înapoi
atomic-learning.js	575	Urmatorul pas &rarr;	Următorul pas &rarr;
atomic-learning.js	602	'Ai terminat lectia'	'Ai terminat lecția'
atomic-learning.js	613	'Termin lectia →'	'Termin lecția →'
atomic-learning.js	614	'Urmatorul pas →'	'Următorul pas →'
atomic-learning.js	614	'Raspunde ca sa mergi mai departe'	'Răspunde ca să mergi mai departe'
atomic-learning.js	666	Raspunde corect la intrebarile anterioare pentru a continua	Răspunde corect la întrebările anterioare pentru a continua
atomic-learning.js	751	'Spatiul de stocare	'Spațiul de stocare
atomic-learning.js	912	Raspunsul corect este marcat cu verde.	Răspunsul corect este marcat cu verde.
atomic-learning.js	1575	'Copiaza'	'Copiază'
atomic-learning.js	1667	Felicitari! Ai ordonat corect toti pasii! Continua sa inveti teoria.	Felicitări! Ai ordonat corect toți pașii! Continuă să înveți teoria.
atomic-learning.js	1668	Nu e chiar asa. Pasii marcati cu rosu sunt pe pozitii gresite. Mai incearca!	Nu e chiar așa. Pașii marcați cu roșu sunt pe poziții greșite. Mai încearcă!
evidence-system.js	158	'Spatiul de stocare	'Spațiul de stocare
instant-quiz.js	224	Felicitari!	Felicitări!
instant-quiz.js	225	Ai raspuns corect la ${correct} din ${total} intrebari. Poti continua!	Ai răspuns corect la ${correct} din ${total} întrebări. Poți continua!
instant-quiz.js	229	Mai incearca!	Mai încearcă!
instant-quiz.js	230	Ai raspuns corect	Ai răspuns corect
instant-quiz.js	231	Ai nevoie de cel putin	Ai nevoie de cel puțin
instant-quiz.js	231	raspunsuri corecte.	răspunsuri corecte.
instant-quiz.js	233	Poti schimba raspunsurile incorecte facand click pe alta optiune.	Poți schimba răspunsurile incorecte făcând click pe altă opțiune.
instant-quiz.js	324	'Incearca din nou.'	'Încearcă din nou.'
lesson-renderer.js	38	label: 'Invata'	label: 'Învață'
lesson-renderer.js	39	label: 'Exerseaza'	label: 'Exersează'
lesson-renderer.js	40	label: 'Testeaza'	label: 'Testează'
lesson-renderer.js	89	Eroare la incarcarea lectiei	Eroare la încărcarea lecției
lesson-renderer.js	92	Reincearca	Reîncearcă
lesson-renderer.js	217	Sectiune necunoscuta.	Secțiune necunoscută.
lesson-renderer.js	226	Informatii indisponibile.	Informații indisponibile.
lesson-renderer.js	230	De ce conteaza?	De ce contează?
lesson-renderer.js	233	Situatii din viata reala:	Situații din viața reală:
lesson-renderer.js	240	Continua ➡️	Continuă ➡️
lesson-renderer.js	252	Competente indisponibile.	Competențe indisponibile.
lesson-renderer.js	259	Ce vei putea sa faci?	Ce vei putea să faci?
lesson-renderer.js	272	Competente oficiale	Competențe oficiale
lesson-renderer.js	282	⬅️ Inapoi	⬅️ Înapoi
lesson-renderer.js	283	Continua ➡️	Continuă ➡️
lesson-renderer.js	295	Continut indisponibil.	Conținut indisponibil.
lesson-renderer.js	299	📚 Invata	📚 Învață
lesson-renderer.js	342	Cum gandeste profesorul:	Cum gândește profesorul:
lesson-renderer.js	356	Greseli frecvente:	Greșeli frecvente:
lesson-renderer.js	359	Greseala:	Greșeala:
lesson-renderer.js	360	Solutie:	Soluție:
lesson-renderer.js	367	⬅️ Inapoi	⬅️ Înapoi
lesson-renderer.js	368	Exerseaza ➡️	Exersează ➡️
lesson-renderer.js	379	Exercitii indisponibile.	Exerciții indisponibile.
lesson-renderer.js	395	Practica ghidata:	Practică ghidată:
lesson-renderer.js	421	Practica independenta (nivel	Practică independentă (nivel
lesson-renderer.js	425	Rezultat asteptat:	Rezultat așteptat:
lesson-renderer.js	432	⬅️ Inapoi	⬅️ Înapoi
lesson-renderer.js	447	pentru aceasta lectie.	pentru această lecție.
lesson-renderer.js	449	⬅️ Inapoi	⬅️ Înapoi
lesson-renderer.js	472	Verifica raspunsurile	Verifică răspunsurile
lesson-renderer.js	479	⬅️ Inapoi	⬅️ Înapoi
lesson-renderer.js	481	Marcheaza lectia ca terminata	Marchează lecția ca terminată
lesson-renderer.js	558	'Incearca din nou'	'Încearcă din nou'
lesson-renderer.js	581	Lectie completata!	Lecție completată!
lesson-summary.js	38	'Satisfacator'	'Satisfăcător'
lesson-summary.js	449	Progresul Tau	Progresul Tău
lesson-summary.js	454	raspunsuri corecte	răspunsuri corecte
lesson-summary.js	456	Continua pentru a strange cat mai multe puncte!	Continuă pentru a strânge cât mai multe puncte!
lesson-summary.js	464	Invatare Atomica	Învățare Atomică
lesson-summary.js	477	Completeaza toate sectiunile de invatare atomica pentru a vedea nota finala.	Completează toate secțiunile de învățare atomică pentru a vedea nota finală.
lesson-summary.js	485	Rezumatul Lectiei	Rezumatul Lecției
lesson-summary.js	492	(practica)	(practică)
lesson-summary.js	496	Nota finala va fi confirmata de profesor dupa evaluarea raspunsurilor scrise	Nota finală va fi confirmată de profesor după evaluarea răspunsurilor scrise
lesson-summary.js	505	Invatare Atomica	Învățare Atomică
lesson-summary.js	512	nota automata	notă automată
lesson-summary.js	520	Practica Avansata	Practică Avansată
lesson-summary.js	528	necesita evaluare profesor	necesită evaluare profesor
lesson-summary.js	529	} in curs =	} în curs =
lesson-summary.js	536	Lectia completa!	Lecția completă!
lesson-summary.js	536	Poti continua la urmatoarea lectie.	Poți continua la următoarea lecție.
lesson-summary.js	536	reia lectia pentru o nota mai buna.	reia lecția pentru o notă mai bună.
lesson-summary.js	540	Practica disponibila:	Practică disponibilă:
lesson-summary.js	540	Completeaza exercitiile practice pentru pana la 3 puncte in plus!	Completează exercițiile practice pentru până la 3 puncte în plus!
lesson-summary.js	547	Pas urmator:	Pas următor:
lesson-summary.js	547	Descarca fisierul JSON si trimite-l profesorului pentru evaluarea finala a raspunsurilor scrise.	Descarcă fișierul JSON și trimite-l profesorului pentru evaluarea finală a răspunsurilor scrise.
lesson-summary.js	549	Descarca progresul (JSON)	Descarcă progresul (JSON)
lesson-summary.js	556	Descarca progresul (JSON)	Descarcă progresul (JSON)
lesson-summary.js	963	Incearca din nou.	Încearcă din nou.
media-popup.js	147	Continut in curand	Conținut în curând
media-popup.js	148	Acest continut vizual va fi adaugat in curand.	Acest conținut vizual va fi adăugat în curând.
practice-advanced.js	381	>Sinteza<	>Sinteză<
practice-advanced.js	422	>Verifica<	>Verifică<
practice-advanced.js	478	Completeaza Schema	Completează Schema
practice-advanced.js	489	>Verifica<	>Verifică<
practice-advanced.js	500	Raspuns Scris	Răspuns Scris
practice-advanced.js	505	raspunde in propriile tale cuvinte:	răspunde în propriile tale cuvinte:
practice-advanced.js	510	pentru raspuns complet:	pentru răspuns complet:
practice-advanced.js	517	Scrie raspunsul tau aici...	Scrie răspunsul tău aici...
practice-advanced.js	524	Trimite raspunsul	Trimite răspunsul
practice-advanced.js	633	Raspuns complet si detaliat.	Răspuns complet și detaliat.
practice-advanced.js	639	Raspunsul tau este acceptat dar incomplet. Ai mentionat	Răspunsul tău este acceptat dar incomplet. Ai menționat
practice-advanced.js	695	'Raspunsul corect este marcat cu verde.'	'Răspunsul corect este marcat cu verde.'
practice-advanced.js	751	'Varianta corecta este marcata cu verde.'	'Varianta corectă este marcată cu verde.'
practice-advanced.js	943	Toate elementele sunt in categoria corecta.	Toate elementele sunt în categoria corectă.
practice-advanced.js	992	Schema este completa si corecta.	Schema este completă și corectă.
practice-advanced.js	1026	 exercitii`	 exerciții`
practice-advanced.js	1049	'Practica avansata'	'Practică avansată'
practice-simple.js	54	`Exercitiu ${idx + 1}`	`Exercițiu ${idx + 1}`
practice-simple.js	106	Scrie raspunsul tau aici...	Scrie răspunsul tău aici...
practice-simple.js	108	`Raspunde la toate cele ${questionCount} intrebari, numerotat:	`Răspunde la toate cele ${questionCount} întrebări, numerotat:
practice-simple.js	115	>Raspunsul tau:<	>Răspunsul tău:<
practice-simple.js	126	Salveaza raspunsul	Salvează răspunsul
practice-simple.js	129	'Raspuns salvat!'	'Răspuns salvat!'
practice-simple.js	157	Salveaza raspunsul	Salvează răspunsul
practice-simple.js	158	'Modificari nesalvate'	'Modificări nesalvate'
practice-simple.js	181	'Raspuns salvat!'	'Răspuns salvat!'
practice-simple.js	297	exercitii completate	exerciții completate
practice-simple.js	370	Salveaza raspunsul	Salvează răspunsul
practice-system.js	150	rezolvata`	rezolvată`
practice-system.js	273	'Practica completa'	'Practică completă'
practice-system.js	350	Practica Completa!	Practică Completă!
practice-system.js	351	din aceasta lectie.	din această lecție.
practice-system.js	470	'Spatiul de stocare	'Spațiul de stocare
proficiency-system.js	26	'Concepte de baza, sarcini simple'	'Concepte de bază, sarcini simple'
proficiency-system.js	42	label: 'Performanta'	label: 'Performanță'
proficiency-system.js	44	'Provocari, transfer, aplicatii complexe'	'Provocări, transfer, aplicații complexe'
proficiency-system.js	339	Alege nivelul tau:	Alege nivelul tău:
progress.js	64	'Spatiul de stocare	'Spațiul de stocare
quiz-engine.js	255	Nu sunt intrebari disponibile.	Nu sunt întrebări disponibile.
quiz-engine.js	302	Scrie raspunsul aici...	Scrie răspunsul aici...
quiz-engine.js	313	Trage elementele in ordinea corecta:	Trage elementele în ordinea corectă:
quiz-engine.js	327	Scrie raspunsul tau...	Scrie răspunsul tău...
quiz-engine.js	480	'Felicitari! Ai trecut testul.'	'Felicitări! Ai trecut testul.'
quiz-engine.js	480	'Mai exerseaza si incearca din nou.'	'Mai exersează și încearcă din nou.'
quiz.js	146	Continua	Continuă
quiz.js	155	cel putin	cel puțin
quiz.js	155	raspunsuri corecte.	răspunsuri corecte.
quiz.js	158	Vreau sa revad lectia	Vreau să revăd lecția
quiz.js	161	Incearca din nou	Încearcă din nou
quiz.js	164	Iesire la modul	Ieșire la modul
rpg-system.js	36	'Incepator'	'Începător'
rpg-system.js	39	'Invatacel'	'Învățăcel'
rpg-system.js	45	'Legenda'	'Legendă'
rpg-system.js	53	'Ai completat prima lectie!'	'Ai completat prima lecție!'
rpg-system.js	60	'Ai completat 5 lectii'	'Ai completat 5 lecții'
rpg-system.js	67	'Ai completat 10 lectii'	'Ai completat 10 lecții'
rpg-system.js	74	'Ai terminat un modul intreg!'	'Ai terminat un modul întreg!'
rpg-system.js	88	'3 zile consecutive de invatare'	'3 zile consecutive de învățare'
rpg-system.js	94	'Saptamana Perfecta'	'Săptămâna Perfectă'
rpg-system.js	102	'Ai incercat toate cele 3 track-uri'	'Ai încercat toate cele 3 track-uri'
rpg-system.js	108	'Bufnita'	'Bufnița'
rpg-system.js	109	'Ai invatat dupa ora 21:00'	'Ai învățat după ora 21:00'
rpg-system.js	116	'Ai invatat inainte de ora 8:00'	'Ai învățat înainte de ora 8:00'
rpg-system.js	123	'Prima lectie de C++'	'Prima lecție de C++'
rpg-system.js	130	'Prima lectie de HTML'	'Prima lecție de HTML'
rpg-system.js	137	'Prima lectie de Scratch'	'Prima lecție de Scratch'
rpg-system.js	145	'Prima problema de practica rezolvata'	'Prima problemă de practică rezolvată'
rpg-system.js	152	'Ai completat practica pentru 10 lectii'	'Ai completat practica pentru 10 lecții'
rpg-system.js	263	'Spatiul de stocare	'Spațiul de stocare
rpg-system.js	425	'Lectie completata!'	'Lecție completată!'
rpg-system.js	581	Felicitari! Continua tot asa!	Felicitări! Continuă tot așa!
rpg-system.js	582	>Multumesc!<	>Mulțumesc!<
rpg-system.js	614	'Mai incet'	'Mai încet'
rpg-system.js	647	>Schimba<	>Schimbă<
rpg-system.js	669	>Lectii<	>Lecții<
rpg-system.js	701	🐢 Mai incet	🐢 Mai încet
rpg-system.js	1235	'Sigur vrei sa stergi progresul RPG? Aceasta actiune nu poate fi anulata.'	'Sigur vrei să ștergi progresul RPG? Această acțiune nu poate fi anulată.'
user-system.js	60	'Scoala de maistri, anul I', short: 'Maistri I', group: 'Maistri si postliceal'	'Școala de maiștri, anul I', short: 'Maiștri I', group: 'Maiștri și postliceal'
user-system.js	61	group: 'Maistri si postliceal'	group: 'Maiștri și postliceal'
user-system.js	62	group: 'Maistri si postliceal'	group: 'Maiștri și postliceal'
user-system.js	82	'Matematica-informatica'	'Matematică-informatică'
user-system.js	83	'Stiintele naturii'	'Științele naturii'
user-system.js	187	'Spatiul de stocare este plin! Sterge unele	'Spațiul de stocare este plin! Șterge unele
user-system.js	289	'Spatiul de stocare este plin! Sterge unele	'Spațiul de stocare este plin! Șterge unele
user-system.js	413	'Esti sigur ca vrei sa stergi acest profil?	'Ești sigur că vrei să ștergi acest profil?
user-system.js	466	'Nu poti reseta progresul fara un profil!'	'Nu poți reseta progresul fără un profil!'
user-system.js	475	'Esti sigur ca vrei sa stergi TOT progresul?\nAceasta actiune nu poate fi anulata!'	'Ești sigur că vrei să ștergi TOT progresul?\nAceastă acțiune nu poate fi anulată!'
user-system.js	581	Pentru a-ti salva progresul, selecteaza sau creeaza un profil.	Pentru a-ți salva progresul, selectează sau creează un profil.
user-system.js	595	sau creeaza unul nou	sau creează unul nou
user-system.js	599	"Numele tau (ex: Maria)"	"Numele tău (ex: Maria)"
user-system.js	612	>Creeaza profil<	>Creează profil<
user-system.js	615	>Continua fara profil<	>Continuă fără profil<
user-system.js	693	'⚠️ Fara profil, progresul NU se salveaza!	'⚠️ Fără profil, progresul NU se salvează!
user-system.js	694	'Daca inchizi browserul, vei pierde tot ce ai invatat.	'Dacă închizi browserul, vei pierde tot ce ai învățat.
user-system.js	695	'Sigur vrei sa continui fara profil?'	'Sigur vrei să continui fără profil?'
user-system.js	717	Reseteaza Progresul	Resetează Progresul
user-system.js	718	Alege ce vrei sa resetezi:	Alege ce vrei să resetezi:
user-system.js	724	toate lectiile	toate lecțiile
user-system.js	731	Doar XP si nivel	Doar XP și nivel
user-system.js	732	Pastreaza lectiile completate	Păstrează lecțiile completate
user-system.js	740	Pastreaza XP si progresul	Păstrează XP și progresul
user-system.js	747	Doar lectiile	Doar lecțiile
user-system.js	748	Pastreaza XP si achievements	Păstrează XP și achievements
user-system.js	752	>Anuleaza<	>Anulează<
user-system.js	824	Schimba profilul	Schimbă profilul
user-system.js	826	Reseteaza progresul	Resetează progresul
user-system.js	828	Sterge profilul	Șterge profilul
