clasa,lectia,id,rol,check,gravitate,necunoscut,prindea_text,ce
cls5,lectia1-calculator,cls5-l1-01,PROFESORUL,U12,important,False,nu,"Lecția întreagă nu încape în 50 de minute: citirea și cele 10 întrebări iau cât ora, iar exercițiile mai cer o jumătate de oră."
cls5,lectia1-calculator,cls5-l1-02,PROFESORUL,U10,important,False,nu,"Lecția de pe site face în aceeași oră temele a trei ore din plan (3, 5 și 6), iar ora 3 cere și sistemele de comunicații, care lipsesc."
cls5,lectia1-calculator,cls5-l1-03,ELEVUL,U1,important,False,nu,Primul lucru pe care îl cere lecția e să cauți calculatoare în camera ta și în bucătărie — dar copilul e în laborator. Exercițiul 2 e tot o investigație în casă.
cls5,lectia1-calculator,cls5-l1-04,PROFESORUL,unde_se_salveaza_fisierul,important,True,nu,"Butonul „Salvează răspunsul” păstrează textul doar în browserul acelui calculator; profesorul nu primește nimic, iar pe alt PC sau după o resetare răspunsul nu mai există."
cls5,lectia1-calculator,cls5-l1-05,NORMA,U16,important,False,da,"Lecția e scrisă fără diacritice (0,2 la 1000 de litere), cu patru excepții amestecate: „cauți”, „Identifică”, „apeși”."
cls5,lectia1-calculator,cls5-l1-06,SPECIALISTUL,U3,important,False,nu,"Întrebarea spune că ENIAC a fost „primul calculator electronic programabil”, dar chiar feedbackul lecției spune „unul dintre primele”; Colossus funcționa din februarie 1944."
cls5,lectia1-calculator,cls5-l1-07,SPECIALISTUL,afirmatii_hardware_actuale_2026,minor,False,nu,Lecția spune „1 KB = 1024 bytes” ca singura regulă; standardul internațional spune kilo = 1000 și kibi = 1024 — de aceea un disc „de 1 TB” apare mai mic în calculator.
cls5,lectia1-calculator,cls5-l1-08,NORMA,U9,minor,False,da,"La întrebarea despre ordinea unităților, variantele greșite sunt fraze care se contrazic singure, nu greșeli pe care le face un copil (R1.2)."
cls5,lectia1-calculator,cls5-l1-09,ELEVUL,U9,minor,False,da,"Greșeli mărunte de scris care se văd: „Microprocessorul”, „Ce component”, „Transistorul” (lângă „Tranzistori”), și ghilimele cu backslash vizibil în „Vrei mai mult”."
cls5,lectia2-hardware,cls5-l2-01,ELEVUL,U1,important,False,nu,"Prima sarcină de pe ecran spune „uită-te la imaginile de mai jos”, dar lecția nu are nicio imagine; singura cale e o căutare Google în engleză, iar căutarea pe web se predă abia în decembrie."
cls5,lectia2-hardware,cls5-l2-02,PROFESORUL,U10,important,False,nu,"Pasul 4 (intrare/ieșire/intrare-ieșire) repetă aceleași 12 dispozitive din lecția 1 și ia tema orei 5 (09.10), iar comparația RAM–stocare ia din ora 6; ora 4 (02.10) cere doar structura și rolul compo"
cls5,lectia2-hardware,cls5-l2-03,PROFESORUL,U12,important,False,nu,"Lecția are 3.570 de cuvinte plus 3 exerciții scrise; la ritmul unui copil de 11 ani nu încape în 50 de minute, la ritm dublu abia încape."
cls5,lectia2-hardware,cls5-l2-04,SPECIALISTUL,afirmatii_hardware_actuale_2026,important,False,nu,Lecția predă că 3 GHz înseamnă 3 miliarde de operații pe secundă — exact confuzia pe care tehnicienii o numesc „mitul gigahertz-ului”.
cls5,lectia2-hardware,cls5-l2-05,NORMA,U16,important,False,da,"Lecția nu are nicio diacritică (0,0 la 1000 de litere), deși specificația proiectului le cere în conținut; șablonul de completat folosește INPUT/OUTPUT în loc de intrare/ieșire, termenii programei."
cls5,lectia2-hardware,cls5-l2-06,ELEVUL,U1,minor,False,da,"La pasul 1 elevul e întrebat ce face sursa de alimentare, dar sursa se explică abia la pasul 5; după un răspuns greșit apare „Incorect” și imediat „Corect! …”."
cls5,lectia2-hardware,cls5-l2-07,SPECIALISTUL,U4,minor,True,nu,În „Vrei mai mult” scrie „tab-ul Performance”; în Windows în română se numește „Performanță” și e în panoul din stânga al Managerului de activități.
cls5,lectia3-software,cls5-l3-01,PROFESORUL,U10,important,False,nu,"Lecția e în Modulul 1, dar predă sistemul de operare și fișierele, care în planul anului sunt patru ore din noiembrie (orele 8-11), înghesuite aici într-una singură."
cls5,lectia3-software,cls5-l3-02,ELEVUL,U1,important,False,nu,"Bonusul nu se poate duce la capăt cum e scris: la mutare dă peste fișierul cu același nume, iar după „șterge copia” dosarul Matematica rămâne gol."
cls5,lectia3-software,cls5-l3-03,NORMA,U3,important,False,da,"Pasul 3 învață că antivirusul e „utilitar”, a treia categorie; Exercițiul 2 dă doar două căsuțe, iar rezolvarea model îl pune la „software de sistem” - copilul care a învățat corect pierde punctul."
cls5,lectia3-software,cls5-l3-04,SPECIALISTUL,U4,important,True,nu,"Pașii spun „click dreapta → Copy / Paste / Rename” ca listă de cuvinte în engleză; în Windows 11 acestea sunt pictograme fără text, iar în română se numesc Copiere, Lipire, Redenumire."
cls5,lectia3-software,cls5-l3-05,PROFESORUL,unde_se_salveaza_fisierul,important,True,nu,"Dosarul Teme_cls5 se face în Documente, în contul PC-ului; la clasa următoare, pe același PC, elevul găsește dosarul făcut de altul și nu poate crea unul cu același nume."
cls5,lectia3-software,cls5-l3-06,SPECIALISTUL,afirmatii_hardware_actuale_2026,important,False,nu,"Lecția spune că un calculator lent are „de obicei” o problemă de hardware; Microsoft pune pe primele locuri stocarea plină, programele de la pornire și software-ul învechit."
cls5,lectia3-software,cls5-l3-07,SPECIALISTUL,U3,important,False,nu,"Calea dată ca exemplu nu există pe un Windows real: Documentele stau în C:\Users\<cont>\Documents, nu în C:\Documente."
cls5,lectia3-software,cls5-l3-08,ELEVUL,U3,important,False,da,"Lecția promite că Ctrl+Z anulează orice greșeală, deși două rânduri mai sus predă Shift+Delete, care șterge fără întoarcere."
cls5,lectia3-software,cls5-l3-09,PROFESORUL,U12,important,False,nu,"Lecția întreagă (citire, provocarea, Bonus, 8 întrebări, 3 exerciții) nu încape în 50 de minute."
cls5,lectia3-software,cls5-l3-10,NORMA,U16,important,False,da,"Nicio diacritică în toată lecția (0,0 la 1000 de litere), deși specificația proiectului le cere în corpul textului."
cls5,lectia3-software,cls5-l3-11,SPECIALISTUL,afirmatii_hardware_actuale_2026,minor,False,nu,"Exemplele de sisteme de operare sunt vechi: macOS Monterey/Ventura și iOS 16, când în 2026 sunt macOS Tahoe 26 și iOS 26; Windows 10 nu mai are suport din octombrie 2025."
cls5,lectia3-software,cls5-l3-12,ELEVUL,U1,minor,False,nu,"După un răspuns greșit, sub „Incorect” apare „✓ Corect! ...” - copilul poate crede că a răspuns bine (același tipar ca la lecția 2)."
cls5,lectia4-ergonomie,cls5-l4-01,SPECIALISTUL,U3,important,False,nu,"Regula 20-20-20 e predată cu „20 de pași”; în original sunt 20 de picioare (unitatea de 30 cm) = 6 metri. 20 de pași ai unui copil nu fac 6 metri, iar varianta „corectă” din chestionar repetă greșeala"
cls5,lectia4-ergonomie,cls5-l4-02,ELEVUL,U1,important,False,nu,Exercițiul 2 și rezolvarea lui pun 3 reamintiri „pentru regula 20-20-20” la două ore distanță; copilul care copiază exemplul crede că a respectat o regulă care cere o pauză la fiecare 20 de minute.
cls5,lectia4-ergonomie,cls5-l4-03,ELEVUL,U5,important,False,nu,Copilul care alege greșit la verificare vede „Incorect” și imediat sub el „Corect! …” / „Perfect! …”. A treia lecție la rând.
cls5,lectia4-ergonomie,cls5-l4-04,PROFESORUL,U10,important,False,nu,"Vineri 18.09 e ora 2: „Norme de securitate în laborator. Poziția corectă”. Lecția 4 are doar poziția; normele de securitate sunt în lecția 5, iar pe site lecția vine a patra, după hardware și software"
cls5,lectia4-ergonomie,cls5-l4-05,PROFESORUL,U12,important,False,da,"Doar citirea lecției ia cam 36 de minute pentru un copil de 11 ani; cu pornirea și exercițiile, ora nu încape la ritmul provizoriu (încape abia la ritm dublu)."
cls5,lectia4-ergonomie,cls5-l4-06,ELEVUL,U11,important,False,da,"Pasul 1 spune „întinde brațul complet”, iar indiciul care îl ajută pe cel blocat spune „ca și cum ai face salut militar” — salutul e cu mâna la frunte. Copilul care cere ajutor face gestul greșit."
cls5,lectia4-ergonomie,cls5-l4-07,PROFESORUL,ergonomie_contra_mobilierului_real,important,True,nu,"Lecția dă o singură postură „corectă” (90° la genunchi și coate, spate lipit de spătar, picioare pe podea, monitor la nivelul ochilor), dar un copil de 11 ani pe mobilier de adult poate să nu o poată "
cls5,lectia4-ergonomie,cls5-l4-08,PROFESORUL,unde_se_salveaza_fisierul,important,False,nu,"Cele trei răspunsuri scrise rămân doar în browserul acelui calculator: acasă sau la alt PC nu mai sunt, iar clasa-pereche le vede la același PC. Scorul checklistului nu se salvează deloc."
cls5,lectia4-ergonomie,cls5-l4-09,NORMA,U16,important,False,da,"Lecția e fără diacritice (0,1 la 1000 de litere; doar „Frecă” și „rotunjiți”), deși spec-ul proiectului le cere; și „Sta pe scaun” în loc de „Stai pe scaun”."
cls5,lectia4-ergonomie,cls5-l4-10,SPECIALISTUL,U16,minor,False,nu,"Cifre fără sursă și sperieturi („4-6 ore pe zi”, „8+ ore”, „garantate”, „sănătos toată viața”); un medic de medicina muncii explică mecanismul, nu promite dureri. AAO spune explicit că ecranul nu stri"
cls5,lectia4-ergonomie,cls5-l4-11,NORMA,U9,minor,False,da,"La 5 din 6 întrebări varianta corectă e cea mai lungă, iar distractorii („Lucreaza 20 ore pe zi”, „2 metri”) nu sunt greșeli reale (R1.1, R1.2)."
cls5,lectia5-reguli,cls5-l5-01,PROFESORUL,U10,important,False,nu,"Ora de vineri 18.09 are de fapt două lecții (poziția corectă din lecția 4 + normele din lecția 5), iar lecția 5 aduce și fișiere/foldere și internet, care în plan sunt în noiembrie și ianuarie."
cls5,lectia5-reguli,cls5-l5-02,PROFESORUL,unde_se_salveaza_fisierul,important,True,nu,"Sarcina dă tuturor același nume de fișier, în același loc; pe un PC cu cont comun, clasa a doua găsește folderele gata făcute și suprascrie Test_Organizare.txt al primei clase."
cls5,lectia5-reguli,cls5-l5-03,SPECIALISTUL,U3,important,False,da,"La apă vărsată pe tastatură, rezolvarea-model pune ca PRIM pas „oprești calculatorul”, deși aceeași lecție interzice atingerea calculatorului cu mâinile ude; regula de siguranță e: nu atingi, te retra"
cls5,lectia5-reguli,cls5-l5-04,SPECIALISTUL,U3,important,False,nu,"Chestionarul spune că la o pană de curent în Word „pierzi toată compunerea”; Microsoft spune că Word recuperează automat ultima copie de recuperare. Mai jos, aceeași lecție spune că salvarea automată "
cls5,lectia5-reguli,cls5-l5-05,PROFESORUL,U16,important,True,nu,"Lecția care trebuie să fie „Normele de securitate” nu are nimic despre prize și cabluri deteriorate, fum sau miros de ars, evacuare, alergat printre mese sau ghiozdane pe culoar; are în schimb Ctrl+S,"
cls5,lectia5-reguli,cls5-l5-06,SPECIALISTUL,U16,important,False,nu,"Regula de parolă e cea veche (minim 8 caractere, amestec obligatoriu de litere, cifre și simboluri); ghidul NIST actual cere lungime (15 caractere pentru parola singură) și interzice regulile de compo"
cls5,lectia5-reguli,cls5-l5-07,ELEVUL,U4,important,True,nu,"Pașii sunt scriși cu numele din Windows în engleză (Documents, New → Folder, Power → Shut down); pe un Windows în română copilul caută cuvinte care nu apar pe ecran."
cls5,lectia5-reguli,cls5-l5-08,ELEVUL,U2,important,False,nu,"Când copilul greșește, vede „❌ Incorect” și imediat dedesubt „💡 Corect! …” (a patra lecție la rând)."
cls5,lectia5-reguli,cls5-l5-09,NORMA,U16,important,False,da,"Lecția e fără diacritice (0,1 la 1000 de litere) și are cuvinte stricate care ajung pe ecran: „profesormeaintine”, „dosap”, „tranjand”."
cls5,lectia5-reguli,cls5-l5-11,PROFESORUL,U12,blocant,False,nu,"Lecția 5 singură nu încape în 50 de minute nici la ritm dublu (52 de minute), iar vineri ea împarte ora cu lecția 4 (încă 3.239 de cuvinte)."
cls5,lectia5-reguli,cls5-l5-10,PROFESORUL,U3,minor,False,da,Motivul „20 de elevi nu vor putea lucra” pentru un singur calculator stricat nu ține (la un PC lucrează 1-2 elevi); numărul de elevi pe clasă nu e cunoscut.
cls5,lectia6-proiect,cls5-l6-01,PROFESORUL,U12,blocant,False,da,"Exercițiul 1 cere 120 de minute de lucru (30+60+30) într-o oră de 50, după 5 minute de provocare și 4 atomi cu întrebări."
cls5,lectia6-proiect,cls5-l6-02,PROFESORUL,U10,blocant,False,nu,"Lecția cere un poster în PowerPoint/Paint/Canva în Modulul 1, dar editorul grafic se predă abia la ora 18 (29.01.2027), PowerPoint nu e la clasa a V-a, iar în V-U1 nu există nicio oră de proiect."
cls5,lectia6-proiect,cls5-l6-03,PROFESORUL,U9,important,False,da,„Evaluat conform criteriilor de mai sus” — deasupra nu e niciun barem: doar 9 bife fără puncte și fără legătură cu nota; 3 bife sunt de gust; notarea a 25-30 de postere cu verificarea tuturor informaț
cls5,lectia6-proiect,cls5-l6-04,ELEVUL,U2,important,False,nu,"Singurul model de poster din lecție (atomul 1) apare ca o listă verticală de rânduri mici, nu ca poster: clasele poster-* nu au stil în niciun fișier CSS."
cls5,lectia6-proiect,cls5-l6-05,PROFESORUL,unde_se_salveaza_fisierul,important,True,nu,"Se cere PDF, dar nu se spune unde se salvează și cum ajunge la profesor; Paint nu numește PDF printre formatele de salvare; răspunsurile scrise rămân doar în browserul PC-ului."
cls5,lectia6-proiect,cls5-l6-06,SPECIALISTUL,fara_cont_email_stick,important,False,nu,"Canva e prezentat ca simplă alternativă gratuită, dar elevii sub 13 ani intră doar invitați de profesor și cu acordul părinților; Google Slides cere cont Google."
cls5,lectia6-proiect,cls5-l6-07,NORMA,U16,important,False,da,"0,1 diacritice la 1000 de litere, iar rezolvarea spune „foloseste exact aceste informatii” — 25-30 de postere vor copia textele fără diacritice și le vor prezenta colegilor."
cls5,lectia6-proiect,cls5-l6-08,ELEVUL,U5,important,False,nu,După un răspuns greșit elevul vede „Incorect” și imediat dedesubt „✓ CORECT!” — a cincea lecție la rând.
cls5,lectia6-proiect,cls5-l6-09,SPECIALISTUL,U4,minor,True,da,"Comenzile de copiat pe poster sunt doar în engleză și în două variante: „Start → Power → Shut Down” și „Start → Shut Down”; Windows în română scrie „Alimentare > Închidere”, PowerPoint în română „Inse"
cls5,lectia6-proiect,cls5-l6-10,ELEVUL,U16,minor,False,da,"Cuvinte stricate și un indiciu care se contrazice: „executar”, „Stocarepe”, „Apeasa”; la perechea Input-Output indiciul spune „Toate clasificarile sunt corecte!”, deși doar una e corectă; Procesorul p"
cls5,lectia6-proiect,cls5-l6-11,NORMA,U16,minor,False,nu,"Lecția trimite elevul să ia imagini de pe pixabay.com, dar nu cere nicăieri să scrie de unde le-a luat; grila profesorului (criteriul 5) și competența generală 3 cer creditarea surselor."
cls6,lectia1-powerpoint-intro,cls6-l1-01,PROFESORUL,U12,blocant,False,nu,"Lecția nu încape într-o oră: doar pornirea și citirea teoriei iau ~45 de minute, iar chiar și exercițiul de nivel minim mai cere ~37."
cls6,lectia1-powerpoint-intro,cls6-l1-02,PROFESORUL,U10,important,False,nu,"Ora 2 din plan se cheamă „Ce este o prezentare bună. Interfața”, dar lecția nu spune nicăieri cum arată o prezentare bună; în schimb predă salvarea și operațiile cu diapozitive din orele 3-5."
cls6,lectia1-powerpoint-intro,cls6-l1-03,ELEVUL,U1,important,False,nu,"La Exercițiul 2, „slide-ul 5” și „slide-urile pare” se pot înțelege ca poziție sau ca numărul scris pe diapozitiv; elevii ajung la rezultate diferite și nu au cum verifica."
cls6,lectia1-powerpoint-intro,cls6-l1-04,ELEVUL,U4,important,True,nu,"Toate numele de file și comenzi sunt în engleză; într-un PowerPoint în română elevul caută „Home”, „Insert”, „Slide Sorter” și găsește Pornire, Inserare, Sortare diapozitive."
cls6,lectia1-powerpoint-intro,cls6-l1-05,PROFESORUL,U17,important,True,nu,"La Izvoare, fără calculatoare, lecția nu are nimic de pus pe hârtie: nicio imagine a ferestrei, toate sarcinile cer programul deschis."
cls6,lectia1-powerpoint-intro,cls6-l1-06,NORMA,U16,important,False,nu,"Prima lecție de prezentări e scrisă fără diacritice, deși elevii vor tasta titluri românești („Școala mea”, „Mulțumesc!”)."
cls6,lectia1-powerpoint-intro,cls6-l1-07,ELEVUL,U1,important,True,nu,"Exercițiul de nivel minim cere 3 imagini din calculator, dar nimeni nu spune de unde le iau elevii."
cls6,lectia1-powerpoint-intro,cls6-l1-08,ELEVUL,U9,minor,False,da,4 din cele 10 întrebări întreabă un lucru care se predă abia la pasul următor (ex. „Slide Sorter” în primul pas) — R2.1.
cls6,lectia1-powerpoint-intro,cls6-l1-09,ELEVUL,U3,minor,False,da,"Exercițiul 3 cere „exact 8” diapozitive, dar structura dată adună 7 (R3.4)."
cls6,lectia1-powerpoint-intro,cls6-l1-10,SPECIALISTUL,U4,minor,True,nu,Calea spre PDF din Exercițiul 3 („Create PDF/XPS Document”) nu e cea din documentația actuală a PowerPoint-ului.
cls6,lectia2-slide-uri,cls6-l2-01,PROFESORUL,U12,blocant,False,nu,"Lecția nu încape nici pe departe într-o oră: doar pornirea și citirea textului iau 50 de minute, înainte de primul clic în PowerPoint."
cls6,lectia2-slide-uri,cls6-l2-02,ELEVUL,U9,important,False,da,"Întrebările de la finalul fiecărui pas sunt mutate: 9 din 10 întreabă despre alt pas, iar 4 despre ce nu s-a predat încă — chiar primul pas întreabă „Ce este Slide Master?” și răspunsul se blochează d"
cls6,lectia2-slide-uri,cls6-l2-03,NORMA,U8,important,False,da,"Lecția spune că Slide Master e opțional și „nu este evaluat la nivel minim sau standard”, dar exercițiul de nivel standard este în întregime Slide Master, iar Ex.4 îl cere și el."
cls6,lectia2-slide-uri,cls6-l2-04,PROFESORUL,U10,important,False,nu,"Ora 4 din plan („Structura unei prezentări: diapozitive și obiecte”) nu primește obiectele (casete de text, imagini, forme), iar jumătate din lecție repetă ce avea deja lecția 1 (Ctrl+M, dublare, șter"
cls6,lectia2-slide-uri,cls6-l2-05,ELEVUL,U4,important,True,nu,"Toate comenzile noi sunt în engleză; într-un PowerPoint în română elevul caută „Slide Master”, „Close Master View”, „Format Background”, „Header & Footer” și găsește Coordonator de diapozitive, Închid"
cls6,lectia2-slide-uri,cls6-l2-06,PROFESORUL,U17,important,True,nu,"La Izvoare, fără calculatoare, lecția nu are nimic de pus pe hârtie, iar la un laborator cu PowerPoint online gradientul cerut la nivel minim nu există."
cls6,lectia2-slide-uri,cls6-l2-07,NORMA,U16,important,False,nu,"Lecția e scrisă fără diacritice, cu două excepții întâmplătoare („Mulți”, „bifează”), iar titlurile-model pe care copilul le tastează pe diapozitiv sunt și ele fără diacritice."
cls6,lectia2-slide-uri,cls6-l2-08,ELEVUL,U1,important,True,nu,"Exercițiul de nivel minim cere imagini și „poza ta preferată făcând ceva ce-ți place”, fără să spună de unde le iau elevii; o poză cu copilul pe PC-ul școlii nici nu e de dorit."
cls6,lectia2-slide-uri,cls6-l2-09,SPECIALISTUL,U4,minor,True,nu,"Lecția predă Ctrl+D ca „cea mai rapidă metodă” de dublare a diapozitivului, dar documentația Microsoft dă Ctrl+Shift+D pentru copia diapozitivului și Ctrl+D pentru dublarea obiectelor."
cls6,lectia2-slide-uri,cls6-l2-10,ELEVUL,U1,minor,False,nu,"Indiciul #2 numește panoul cu miniaturi din stânga „Slide Sorter”, deși Slide Sorter e altă vizualizare (atomul 4) — elevul amestecă cele două."
cls6,lectia2-slide-uri,cls6-l2-11,SPECIALISTUL,U3,minor,False,nu,"Gradientul-model din atomul 7 are un capăt „deschis” și unul „închis” aproape identice: în randare trecerea abia se vede, iar subtitlul gri aproape dispare."
cls6,lectia2-slide-uri,cls6-l2-12,ELEVUL,U1,minor,False,da,"Provocarea de la început cere 5 diapozitive adăugate „câte o metodă diferită”, dar până acolo lecția arată doar 3 metode — copilul conștiincios caută una care nu există."
cls6,lectia3-text-imagini,cls6-l3-01,PROFESORUL,U12,important,False,nu,Elevul are de citit 4.084 de cuvinte până la primul exercițiu; lecția întreagă nu încape în ora de 50 de minute nici dacă elevul face doar Ex.1.
cls6,lectia3-text-imagini,cls6-l3-02,NORMA,U16,important,False,nu,"Bannerul spune că formele, aranjarea și regulile de design sunt peste programă și că elevul e „pregătit” după atomul 5, dar programa pune formele la nivelul de bază, iar Ex.1 (minim) le cere."
cls6,lectia3-text-imagini,cls6-l3-03,ELEVUL,U3,important,False,nu,"În primul pas elevul trebuie să știe ce SmartArt arată pașii unui proces, iar în al doilea ce e Bring to Front și Ctrl+G: lucruri predate abia în atomii 7 și 9, iar lecția nu-l lasă mai departe până n"
cls6,lectia3-text-imagini,cls6-l3-04,NORMA,U16,important,False,da,"Exercițiul spune „NU pune date personale reale”, apoi cere numele membrilor familiei (și, opțional, poze într-un SmartArt), fără să spună că pot fi inventate: un copil de 12 ani scrie numele reale ale"
cls6,lectia3-text-imagini,cls6-l3-05,SPECIALISTUL,U4,important,True,nu,Comenzile pentru imagini sunt date doar în engleză; într-un PowerPoint românesc elevul caută „Picture Format” și „Crop” și vede „Format imagine” și „Trunchiere” (lecția traduce Crop greșit ca „Decupar
cls6,lectia3-text-imagini,cls6-l3-06,PROFESORUL,sarcina_de_rezerva_retea_proiector,important,True,nu,"Toate exercițiile cer imagini, dar lecția nu dă niciuna și trimite la internet sau la Imagini de stoc, pe care Microsoft le dă întregi doar abonaților Microsoft 365."
cls6,lectia3-text-imagini,cls6-l3-07,PROFESORUL,unde_se_salveaza_fisierul,important,False,nu,Prezentarea „Despre mine” nu trebuie salvată nicăieri în lecție; singurul „Salvează” e butonul care salvează textul din căsuța site-ului.
cls6,lectia3-text-imagini,cls6-l3-08,NORMA,U16,important,False,da,"Lecția e scrisă fără diacritice (0,1 la 1000 de litere), cu 4 cuvinte scăpate cu diacritice, deși regula proiectului le cere."
cls6,lectia3-text-imagini,cls6-l3-09,ELEVUL,U1,minor,False,nu,"La diapozitivul 2 imaginile mici „lângă fiecare hobby” nu se așază lângă rândurile listei: rândurile sunt mai mici decât imaginile, iar lecția nu arată cum."
cls6,lectia3-text-imagini,cls6-l3-10,SPECIALISTUL,U9,minor,False,da,"Lecția se contrazice despre păstrarea proporțiilor: o dată „PowerPoint 2013 și ulterioare”, o dată „365/2021, în versiunile mai vechi ține Shift”; fișierele reale arată că blocarea există din 2007."
cls6,lectia3-text-imagini,cls6-l3-11,ELEVUL,U9,minor,False,da,În 7 din 12 întrebări răspunsul corect e cea mai lungă variantă (R1.1).
cls6,lectia4-animatii,cls6-l4-01,ELEVUL,U9,important,False,da,"Lecția îi spune elevului că poate sări partea despre trasee fără să-și strice nota, apoi exercițiul de nivel MINIM îi cere exact un traseu în cerc."
cls6,lectia4-animatii,cls6-l4-02,SPECIALISTUL,U4,important,False,nu,"Efectul de ieșire „Fade Out” (și „Wipe Out”, „Zoom Out”) nu există cu numele ăsta: în galeria de ieșire se cheamă tot „Fade” / „Estompare”; elevul caută un buton inexistent."
cls6,lectia4-animatii,cls6-l4-03,PROFESORUL,U12,important,False,nu,Nici drumul minim (Încearcă tu + Ex.1) nu încape în ora 7 — iar planul pune în aceeași oră și tranzițiile (lecția 5).
cls6,lectia4-animatii,cls6-l4-04,PROFESORUL,denumiri_animatii_tranzitii_ro,important,True,da,"Toate comenzile sunt doar în engleză (Animations, Animation Pane, After Previous, Trigger); dacă PowerPoint-ul din laborator e în română, elevul nu recunoaște niciun buton."
cls6,lectia4-animatii,cls6-l4-05,SPECIALISTUL,U1,important,False,nu,"La Ex.2 lecția cere „Animate text: By Paragraph” în Effect Options; în PowerPoint „După paragraf” e direct în Opțiuni efect, iar „Animare text” e altă listă, fără această variantă."
cls6,lectia4-animatii,cls6-l4-06,ELEVUL,U3,important,False,nu,"Două întrebări cer termeni încă nepredați („With Previous” în atomul 1, predat în atomul 4; „By Paragraph” în atomul 2, predat în atomul 5), iar alte 4 întreabă înapoi; doar 4 din 10 sunt despre atomu"
cls6,lectia4-animatii,cls6-l4-07,NORMA,U16,important,False,da,"Lecția e scrisă fără diacritice (1,3 la 1000 de litere, față de 40-60 într-un text normal), deși regula proiectului le cere."
cls6,lectia4-animatii,cls6-l4-08,ELEVUL,U4,minor,False,nu,"Indiciul pentru „Nu găsesc fila Animations” îl trimite să selecteze un obiect, deși fila e mereu în panglică, între Tranziții și Expunere diapozitive."
cls6,lectia4-animatii,cls6-l4-09,PROFESORUL,U17,important,True,nu,"La Izvoare (fără laborator) lecția nu are nicio variantă fără calculator, iar mișcarea nu se poate arăta pe hârtie."
cls6,lectia4-animatii,cls6-l4-10,SPECIALISTUL,U4,minor,False,nu,Săgețile de mutare a animațiilor sunt descrise „din bara de jos”; Microsoft le pune în partea de sus a panoului.
cls6,lectia4-animatii,cls6-l4-11,NORMA,U9,minor,False,da,În 4 din 10 întrebări varianta corectă e cea mai lungă (R1.1).
cls6,lectia5-tranzitii,cls6-l5-01,PROFESORUL,U12,blocant,False,nu,"Ora 7 din plan are și animațiile (lecția 4) și tranzițiile (lecția 5); doar drumul minim din amândouă durează 102 minute, iar la ritm dublu 55 — nu încape în 50."
cls6,lectia5-tranzitii,cls6-l5-02,SPECIALISTUL,U3,important,False,da,"Rezolvarea Ex.3 spune că, dacă rămâne bifat „La clic de mouse” lângă „După”, prezentarea așteaptă clic — fals: Microsoft (și atomul 4 al lecției) spun că avansează singură, clicul doar grăbește."
cls6,lectia5-tranzitii,cls6-l5-03,SPECIALISTUL,denumiri_animatii_tranzitii_ro,important,False,nu,"Categoriile sunt amestecate: Rotate e pus la Exciting (e Dynamic Content), Gallery și Vortex la Dynamic (nu sunt printre cele 7 Dynamic Content); Morph e pus la Dynamic fără sursă."
cls6,lectia5-tranzitii,cls6-l5-04,ELEVUL,U4,important,True,nu,"Toate comenzile sunt numai în engleză, iar singura traducere e inventată: „Exciting (Incitante)”; în Office românesc categoria e „Interesant”, fila „Tranziții”, butonul „Se aplică tuturor”."
cls6,lectia5-tranzitii,cls6-l5-05,ELEVUL,U2,important,False,da,"5 din 10 întrebări sunt puse înainte de pasul care predă răspunsul (la pasul 2: Shift+F5 și sunetele, predate la pașii 5 și 4), iar răspunsul se blochează după alegere."
cls6,lectia5-tranzitii,cls6-l5-06,PROFESORUL,U4,important,True,nu,"Morph (Ex.2 runda 3, Ex.3 diapozitivul 4) merge doar în PowerPoint 2019 / 2021 / 365 și cere un obiect comun pe două diapozitive — Ex.2 nu spune a doua condiție; pe 2016 nu se poate face."
cls6,lectia5-tranzitii,cls6-l5-07,PROFESORUL,unde_se_salveaza_fisierul,important,False,nu,"Primul ecran cere „o prezentare existentă”, dar nicio lecție anterioară n-a cerut salvarea fișierului; butonul „Salvează răspunsul” salvează doar textul din casetă — elevul pierde ~4 minute refăcând d"
cls6,lectia5-tranzitii,cls6-l5-08,NORMA,U16,important,False,da,"Lecția e scrisă fără diacritice (1,2 la 1000 de litere, față de 40-60 într-un text românesc normal), deși regula proiectului le cere."
cls6,lectia5-tranzitii,cls6-l5-09,NORMA,U16,minor,False,da,Ex.3 are o frază pe jumătate în engleză.
cls6,lectia5-tranzitii,cls6-l5-10,PROFESORUL,U17,important,True,nu,"La Izvoare (fără laborator) lecția nu are variantă: tranzițiile „se văd doar în Slide Show”, deci pe hârtie rămâne doar partea de judecată (ce tranziție, cât, la clic sau singur)."
cls6,lectia6-proiect,cls6-l6-01,PROFESORUL,U12,blocant,False,nu,"Planul orei 9 cere „realizare + susținere” în 50 de minute; lecția citită până la Ex.1 plus Ex.1 și Ex.2 durează 110 minute (59 la ritm dublu), iar susținerile de 3-5 minute de elev nu mai au loc delo"
cls6,lectia6-proiect,cls6-l6-02,PROFESORUL,U1,important,False,nu,"Proiectul final nu are barem: niciun punct, 18 criterii împrăștiate în trei locuri (unul ascuns în rezolvare), iar 5 dintre ele nu se pot verifica deschizând fișierul."
cls6,lectia6-proiect,cls6-l6-03,PROFESORUL,unde_se_salveaza_fisierul,important,True,nu,"Un proiect care trece peste două ore (sau acasă) nu spune unde se salvează și cu ce nume; butonul „Salveaza raspunsul” păstrează doar textul din pagină, nu prezentarea."
cls6,lectia6-proiect,cls6-l6-04,NORMA,U16,important,False,da,"Rezolvarea-model a Ex.1 îi propune elevului poze cu echipa lui de pe telefon — poze cu alți copii, adică date personale ale unor minori — deși lecția 3 a modulului spune „NU pune date personale reale”"
cls6,lectia6-proiect,cls6-l6-05,SPECIALISTUL,U3,minor,False,nu,"Rezolvarea Ex.3 învață că la exportul PDF „se pierd hyperlinkurile”; Microsoft spune că PDF-ul din PowerPoint pentru web le păstrează, iar pe Mac nu — deci elevul învață o regulă absolută care depinde"
cls6,lectia6-proiect,cls6-l6-06,NORMA,U16,important,False,nu,Programa cere tuturor „susținerea în fața colegilor”; lecția pune susținerea doar la nivelul performanță și o trimite acasă.
cls6,lectia6-proiect,cls6-l6-07,PROFESORUL,U10,important,True,nu,La Izvoare ora de mini-proiect nu există (calendarul o comasează în ora 8 + temă acasă) și ipoteza de lucru e fără calculatoare; lecția nu are variantă fără PowerPoint.
cls6,lectia6-proiect,cls6-l6-08,ELEVUL,U9,minor,False,da,"Cifrele se bat cap în cap: „1 minut per slide” dă 7 minute pentru cele 7 diapozitive cerute, dar Ex.3 cere 3-5 minute; 1-2 animații pe diapozitiv în atom, 2-3 în întrebare (R3.4)."
cls6,lectia6-proiect,cls6-l6-09,ELEVUL,fara_cont_email_stick,minor,True,nu,Ex.2 lasă alegerea „PowerPoint sau Google Slides”; Google Slides cere cont Google și internet și n-a fost predat în modul.
cls6,lectia6-proiect,cls6-l6-10,SPECIALISTUL,denumiri_animatii_tranzitii_ro,important,True,nu,"Toate comenzile noi ale proiectului sunt date doar în engleză; în PowerPoint în română elevul caută „Plasare în acest document”, fila „Proiectare”, „Creare document PDF/XPS”."
cls6,lectia6-proiect,cls6-l6-11,NORMA,U16,minor,False,da,"Lecția despre „ai greseli de scriere?” e scrisă fără diacritice (0,0 la 1.000 de litere), ca L1-L5."
cls7,lectia1-interfata-word,cls7-l1-01,PROFESORUL,U12,important,False,nu,"Lecția nu încape în oră: doar citirea teoriei și cele 11 întrebări iau cât ora întreagă, iar exercițiile din Word mai cer încă ~40 de minute."
cls7,lectia1-interfata-word,cls7-l1-02,PROFESORUL,U17,important,True,nu,"E o lecție despre o fereastră de program fără nicio imagine a ferestrei: la Izvoare, fără calculatoare, nu ai ce le arăta copiilor."
cls7,lectia1-interfata-word,cls7-l1-03,NORMA,U16,important,False,nu,Prima oră de tehnoredactare e scrisă fără diacritice și îi dă elevului chiar textul de tastat fără ș și ț.
cls7,lectia1-interfata-word,cls7-l1-04,ELEVUL,U4,important,True,nu,"Toate numele de meniu sunt în engleză; într-un Word în română elevul caută 'Home', 'Show Below the Ribbon', 'Heading 1' și nu le găsește."
cls7,lectia1-interfata-word,cls7-l1-05,ELEVUL,U1,important,False,da,"Rezolvarea Ex.2 îl trimite să dea click dreapta pe Quick Print și Print Preview 'din Ribbon', dar aceeași lecție spune că Quick Print nu e pe panglică — elevul caută un buton care nu există acolo."
cls7,lectia1-interfata-word,cls7-l1-06,SPECIALISTUL,U3,important,True,nu,"Lecția spune că bara de acces rapid are implicit Save/Undo/Redo; în Office 2021/365 bara poate fi ascunsă sau doar o săgeată, iar Undo/Redo au fost mutate pe fila Home — Ex.2 nu are pasul de afișare."
cls7,lectia1-interfata-word,cls7-l1-07,PROFESORUL,unde_se_salveaza_fisierul,important,True,nu,"Toți elevii salvează același nume de fișier pe Desktop-ul unui PC comun; la ora următoare, despre gestionarea documentului, fișierul poate lipsi sau fi al altcuiva."
cls7,lectia1-interfata-word,cls7-l1-08,NORMA,U9,minor,False,da,Elevul vede o notă pentru autor despre acoperirea programei (R4.3).
cls7,lectia1-interfata-word,cls7-l1-09,NORMA,ghilimele_romanesti,minor,False,nu,"Ghilimelele românești sunt scrise greșit, cu două virgule și două apostrofuri, tocmai în rândul care le numește."
cls7,lectia1-interfata-word,cls7-l1-10,SPECIALISTUL,marcaje_paragraf_spatii_enter,minor,False,nu,La grupul Paragraph lipsește butonul ¶ (afișare marcaje) — primul instrument cu care un tehnoredactor vede spațiile și Enter-urile goale.
cls7,lectia1-interfata-word,cls7-l1-11,SPECIALISTUL,U3,minor,False,da,"Teoria spune că Ctrl+F1 poate să nu meargă în Microsoft 365, exercițiul îl cere fără rezervă; documentația Microsoft îl dă ca scurtătură valabilă."
cls7,lectia1-interfata-word,cls7-l1-12,ELEVUL,U11,minor,False,da,"Ex.3 nu spune unde se pun cele două titluri și subtitlul, cere un screenshot fără să spună cum, și numără 'minimum 4 fișiere' deși listează 3."
cls7,lectia2-formatare-text,cls7-l2-01,SPECIALISTUL,stil_vs_formatare_manuala_ce_cere_lectia,important,False,nu,"Lecția îi învață pe copii să facă titlurile „de mână” și să le copieze cu pensula; un tehnoredactor folosește stiluri de titlu, iar lecția 1 chiar le predase."
cls7,lectia2-formatare-text,cls7-l2-02,SPECIALISTUL,U4,important,True,nu,Scurtătura pe care lecția o predă și o notează în chestionar (Ctrl+Alt+V = Lipire specială) face altceva în Word 2024 și Microsoft 365: lipește formatarea.
cls7,lectia2-formatare-text,cls7-l2-03,PROFESORUL,U12,important,False,da,"Ora nu încape: citirea celor 10 atomi ia cam 40 de minute, iar cele trei exerciții în Word încă 30, plus pornirea calculatoarelor."
cls7,lectia2-formatare-text,cls7-l2-04,NORMA,U16,important,False,da,"La o lecție de tehnoredactare, textul pe care copilul îl scrie în Word e fără diacritice, deci și documentul lui iese greșit."
cls7,lectia2-formatare-text,cls7-l2-05,ELEVUL,U4,important,True,nu,"Toate butoanele sunt numite doar în engleză; într-un Word în română elevul caută „Font Color” și găsește „Culoarea fontului”, caută „Format Painter” și găsește „Descriptor de formate”."
cls7,lectia2-formatare-text,cls7-l2-06,SPECIALISTUL,U4,minor,False,nu,"Lecția trimite elevul să caute Emboss și Engrave în fereastra Font, de unde au dispărut în Word 2010."
cls7,lectia2-formatare-text,cls7-l2-07,SPECIALISTUL,U4,minor,True,nu,Lecția spune că fontul implicit e Calibri 11 și că indicele se face cu Ctrl+=; documentația Microsoft de azi spune Aptos și Ctrl+Shift+Minus.
cls7,lectia2-formatare-text,cls7-l2-08,ELEVUL,U9,minor,False,da,"La chestionarul 9 variantele greșite spun singure că sunt altceva, iar cea corectă e singura fără explicație — se ghicește fără să citești (R1.2)."
cls7,lectia3-paragrafe,cls7-l3-01,PROFESORUL,U12,blocant,False,nu,"Ora 6 are în plan și lecția 2, și lecția 3; doar lecția 3 nu încape în 50 de minute nici dacă elevii lucrează de două ori mai repede."
cls7,lectia3-paragrafe,cls7-l3-02,ELEVUL,U1,important,False,nu,"La Ex.3, elevul care chiar corectează documentul vede textul strângându-se aproape la jumătate, deși lecția îi spune că «arată la fel»; crede că a greșit."
cls7,lectia3-paragrafe,cls7-l3-03,ELEVUL,U1,important,False,da,"Atomul 2 îi spune că semnătura se aliniază la dreapta, Ex.1 îi cere semnătura centrată «la fel ca un titlu» — și întrebarea îi dă deja răspunsul."
cls7,lectia3-paragrafe,cls7-l3-04,PROFESORUL,U4,important,True,nu,"Toate butoanele sunt numite în engleză (Home, Paragraph, View, Ruler, Special > Hanging); pe un Word în română elevul caută Pornire, Paragraf, Vizualizare, Riglă, Agățat."
cls7,lectia3-paragrafe,cls7-l3-05,SPECIALISTUL,U4,important,True,nu,"Lecția spune că Ctrl+Alt+V deschide Paste Special; în Word 365 și Word 2024, Ctrl+Alt+V lipește formatarea, iar «doar text» e Ctrl+Shift+V."
cls7,lectia3-paragrafe,cls7-l3-06,NORMA,U16,important,False,da,"Lecția cere o scrisoare oficială către director, dar tot textul lecției e fără diacritice și cu ghilimele drepte — singurul model pe care îl vede elevul."
cls7,lectia3-paragrafe,cls7-l3-07,ELEVUL,U2,minor,False,nu,"După ce termină toți pașii, sus scrie «Ai terminat lectia 10 din 10», dar bara de deasupra spune «Progres lectie 0%»."
cls7,lectia3-paragrafe,cls7-l3-08,PROFESORUL,U8,minor,False,da,"Tabulatorii și chenarele se predau pe două ecrane lungi, dar niciun exercițiu nu le cere; obiectivele din pliant nu le pomenesc."
cls7,lectia4-liste,cls7-l4-01,ELEVUL,U1,important,False,da,"La Ex.3, rezolvarea îi promite că Tab face singur marcatorii sub regulile I, II, III; aceeași lecție, la Ex.2, îi spune că Tab face litere a, b, c. Elevul care vede a., b. crede că a greșit, iar pasul"
cls7,lectia4-liste,cls7-l4-02,SPECIALISTUL,U4,important,False,nu,"Lecția spune că un clic pe marcator selectează un singur element și că clic pe marcator + Ctrl+A selectează lista. În Word, clicul pe marcator selectează deja toți marcatorii, iar Ctrl+A selectează to"
cls7,lectia4-liste,cls7-l4-03,PROFESORUL,U12,important,False,nu,"Lecția nu încape în 50 de minute: 10 atomi de citit, 3 documente Word și 3 răspunsuri scrise; chiar fără citire, exercițiile cu răspunsuri trec de 50 de minute."
cls7,lectia4-liste,cls7-l4-04,PROFESORUL,U10,important,False,nu,"Ora 7 din plan (20.10 / 23.10.2026) e «Formatarea imaginii, a tabelului și a paginii»; lecția de liste îi ia locul, iar programa nu numește listele deloc."
cls7,lectia4-liste,cls7-l4-05,PROFESORUL,U4,important,True,nu,"Toate butoanele sunt numite doar în engleză (Bullets, Numbering, Multilevel List, Define New Number Format, Restart at 1); pe un Word în română elevul caută Marcatori, Numerotare, Listă multinivel, De"
cls7,lectia4-liste,cls7-l4-06,NORMA,U16,important,False,da,"Lecția nu are nicio diacritică, iar textul pe care elevul îl tastează în regulament și în rețetă e dat fără diacritice — exact în exercițiul care cere «paralelism gramatical»."
cls7,lectia4-liste,cls7-l4-07,ELEVUL,U2,important,False,nu,"Atomul 4 explică «fiecare nivel e mai retras», dar singurul exemplu de listă pe niveluri apare pe ecran cu toate rândurile lipite de margine; lecția nu are nicio imagine care să arate retragerea."
cls7,lectia4-liste,cls7-l4-08,PROFESORUL,unde_se_salveaza_fisierul,important,False,nu,"Elevul face trei documente Word (listă, rețetă, regulament), dar lecția nu-i spune nicăieri să le salveze sau unde; la final de oră se pierd."
cls7,lectia4-liste,cls7-l4-09,ELEVUL,U1,minor,False,da,"La Ex.2 întrebarea cere trecerea «de la lista numerotată la cea cu marcatori», dar enunțul pune întâi marcatorii; caseta de răspuns cere «toate cele 4 întrebări» deși sunt două."
cls7,lectia4-liste,cls7-l4-10,SPECIALISTUL,stil_vs_formatare_manuala_ce_cere_lectia,minor,False,nu,"Toate cele trei titluri se fac cu Bold și mărime de mână, deși lecția 3 tocmai recomandase stilul de titlu; un regulament real se leagă de stiluri."
cls7,lectia5-tabele,cls7-l5-01,PROFESORUL,U12,blocant,False,nu,"Lecția nu încape nici în două ore: 11 atomi lungi de citit, trei tabele de construit în Word și o provocare; chiar la ritm dublu trec 77 de minute."
cls7,lectia5-tabele,cls7-l5-02,SPECIALISTUL,U4,important,False,nu,"Rezumatul de scurtături spune că Ctrl+A în tabel selectează întâi celula, apoi tabelul. În Word, Ctrl+A selectează tot documentul — asta e regula din Excel; chiar chestionarul 4 al lecției spune «Ctrl"
cls7,lectia5-tabele,cls7-l5-03,ELEVUL,U4,important,False,nu,Lecția îl învață că Backspace pe o selecție șterge doar textul. Elevul care selectează tot tabelul din pătrățel (cum l-a învățat atomul 4) și apasă Backspace pierde tot tabelul — așa scrie Microsoft.
cls7,lectia5-tabele,cls7-l5-04,ELEVUL,U1,important,False,nu,"Provocarea pentru elevii buni cere să îmbine primul rând al tabelului convertit și să scrie titlul acolo; primul rând conține un elev, deci numele și notele lui ajung amestecate cu titlul și tabelul r"
cls7,lectia5-tabele,cls7-l5-05,PROFESORUL,U10,important,False,nu,"Lecția înghite două ore din plan (ora 4 «Obiecte: text, imagini, tabele» și ora 7 «Formatarea imaginii, a tabelului și a paginii») și lasă pe dinafară imaginile din amândouă; nicio lecție M1 de clasa "
cls7,lectia5-tabele,cls7-l5-06,PROFESORUL,U4,important,True,nu,"Toate filele și butoanele sunt numite doar în engleză (Insert, Table Design, Layout, AutoFit Window, Borders and Shading); pe un Word în română elevul caută Proiectare tabel, Aspect tabel, Potrivire a"
cls7,lectia5-tabele,cls7-l5-07,ELEVUL,U2,important,False,nu,"O lecție despre tabele în care nu apare niciun tabel: grila 4x3, săgeata neagră, pătrățelul de mutare, Banded Rows, formularul — totul e descris în cuvinte. La Izvoare, fără calculator, elevul nu are "
cls7,lectia5-tabele,cls7-l5-08,NORMA,U16,important,False,da,"Lecția n-are diacritice, iar textul pe care elevul îl tastează într-un formular «oficial» e fără diacritice: INSCRIERE, Data nasterii, Scoala, Semnatura."
cls7,lectia5-tabele,cls7-l5-09,ELEVUL,U1,minor,False,da,"La Ex.2, pasul 7 cere să îmbine celulele din rândul de sus al coloanei Observații, dar acolo e o singură celulă; rezolvarea nu pomenește pasul, deci elevul nu află ce trebuia îmbinat."
cls7,lectia5-tabele,cls7-l5-10,SPECIALISTUL,U3,minor,False,da,Ex.1 promite că AutoFit Window face coloanele egale; atomul 7 al aceleiași lecții spune corect că le distribuie proporțional și că egalizarea e Distribute Columns. Pe un tabel proaspăt inserat elevul 
cls7,lectia5-tabele,cls7-l5-11,SPECIALISTUL,U4,minor,False,nu,"Lecția trimite la Paste Special cu Ctrl+Alt+V; în Word pentru Windows de azi Ctrl+Alt+V lipește formatarea, iar textul simplu se lipește cu Ctrl+Shift+V. A treia lecție la rând cu aceeași scurtătură."
cls7,lectia6-evaluare,cls7-l6-01,PROFESORUL,U16,blocant,False,nu,"Testul cere inserarea și formatarea imaginii, dar lecțiile 1-5 de pe site n-au predat-o; grila 11 afirmă totuși că elevul a învățat-o în Modulul 1."
cls7,lectia6-evaluare,cls7-l6-02,PROFESORUL,U1,blocant,False,nu,"Nu e un test: nicio cerință nu are puncte, Ex.2 e autoevaluare 1-5, grilele arată răspunsul corect la greșeală și scorul rămâne în browserul PC-ului. Planul cere test + barem, iar pe disc barem există"
cls7,lectia6-evaluare,cls7-l6-03,PROFESORUL,U12,important,False,nu,"Tot ce cere pagina (citit 11 atomi + grile + 3 documente) ia 107 minute; chiar la ritm dublu 57. Doar Ex.1, fără recapitulare, ia 27."
cls7,lectia6-evaluare,cls7-l6-04,SPECIALISTUL,U1,important,False,nu,"Ex.3 cere imagine cu încadrare Square și legenda „dedesubt”: cu Square, legenda curge pe lângă imagine, nu sub ea."
cls7,lectia6-evaluare,cls7-l6-05,ELEVUL,U3,important,False,da,"Aceeași tastă, două răspunsuri: atomul 5 spune că Ctrl+A în tabel selectează tabelul, atomul 7 spune tot documentul. Microsoft: tot conținutul documentului. A treia lecție cu greșeala."
cls7,lectia6-evaluare,cls7-l6-06,PROFESORUL,U1,minor,False,da,"Ex.2: cerința spune 3 coloane și 5 rânduri pentru 5 lecții cu antet — încap 4; rezolvarea spune 6 rânduri. Cu un barem, elevul care ascultă cerința pierde punctul."
cls7,lectia6-evaluare,cls7-l6-07,NORMA,U16,important,False,nu,0 diacritice într-un test de tehnoredactare care cere „o lucrare scolara reala”.
cls7,lectia6-evaluare,cls7-l6-08,PROFESORUL,U4,important,True,nu,"Toate comenzile sunt în engleză; dacă Word-ul din laborator e în română, elevul caută „Insert > Illustrations > Pictures” și găsește „Inserați › Imagini › Pe acest dispozitiv”, „Format imagine › Încad"
cls7,lectia6-evaluare,cls7-l6-09,PROFESORUL,unde_se_salveaza_fisierul,important,True,nu,"Ex.1 cere o imagine „This Device”, dar nu spune de unde vine fișierul, nici unde se salvează documentul; notarea după oră depinde de fișierele adunate."
cls7,lectia6-evaluare,cls7-l6-10,SPECIALISTUL,stil_vs_formatare_manuala_ce_cere_lectia,minor,False,da,"Atomul 9 spune că soluția e stilul de titlu, dar testul notează titlul făcut de mână și Format Painter — elevul învață forma pe care testul o numește greșeală."
cls7,lectia6-evaluare,cls7-l6-11,PROFESORUL,U10,minor,False,da,"Pe pagina modulului lecția 6 se cheamă „Aplicatie practica: Primul meu document”; deschisă, e „Evaluare - Word Fundamente”."
cls7,lectia6-evaluare,cls7-l6-12,SPECIALISTUL,U4,minor,True,nu,„Fontul implicit … Calibri 11” — în Microsoft 365 fontul implicit e Aptos; pe Office 2016-2021 e Calibri.
cls7,lectia6-evaluare,cls7-l6-13,ELEVUL,U1,minor,False,nu,"Provocarea „Ctrl+A apoi Ctrl+J” pe un document care are și un titlu îl decentrează: Ctrl+A ia tot documentul, nu paragraful."
cls8,lectia1-interfata,cls8-l1-01,ELEVUL,U1,blocant,False,da,"La toate trei exercițiile, „Vezi rezolvarea” arată rezolvarea altui exercițiu: o listă de cumpărături cu discount, erori de formule, ordinea operațiilor. Elevul care se verifică nu are cu ce, iar cel "
cls8,lectia1-interfata,cls8-l1-02,ELEVUL,U3,important,False,da,"Cinci din cele nouă întrebări întreabă ce se predă abia mai târziu: la „Ce este Excel?” e întrebat de adresa C7, la panglică de ștergerea foilor. Răspunsul se blochează după alegere, deci elevul care "
cls8,lectia1-interfata,cls8-l1-03,PROFESORUL,U12,important,False,nu,"Lecția nu încape în oră: citirea celor 9 atomi ia cam 29 de minute, exercițiile încă 25, plus pornirea calculatoarelor — peste o oră. Și conține materia a trei ore din planificare."
cls8,lectia1-interfata,cls8-l1-04,ELEVUL,U4,important,True,nu,"Toți pașii din Excel sunt cu nume englezești: Sheet1, Rename, Home, Insert, Formulas, Data. Într-un Excel în română elevul vede Foaie1, Redenumire, Pornire, Inserare, Formule, Date și nu găsește ce i "
cls8,lectia1-interfata,cls8-l1-05,NORMA,U16,important,False,nu,Lecția e scrisă fără diacritice și îi dă elevului să tasteze antete fără ele — la ora în care învață să facă un tabel curat.
cls8,lectia1-interfata,cls8-l1-06,ELEVUL,lipirea_tabelului_starter,important,False,nu,"Butonul „Copiaza” de lângă catalog copiază un text cu etichete („A1: Nume  B1: Nota1…”), nu un tabel. Lipit în Excel, nu apare catalogul în A1:D6, iar pașii următori (Ctrl+End, adrese) dau alte rezult"
cls8,lectia1-interfata,cls8-l1-07,PROFESORUL,unde_se_salveaza_fisierul,important,True,nu,"Elevul face un catalog și nu i se cere nicăieri să-l salveze; singura alternativă la Excel instalat e Excel Online cu cont Microsoft, pe care un copil de 14 ani de obicei nu-l are."
cls8,lectia1-interfata,cls8-l1-08,PROFESORUL,U17,important,True,nu,"Lecția despre fereastra Excel nu are nicio imagine a ferestrei; la Izvoare, fără calculatoare, profesorul n-are ce arăta, deși adresele, intervalul și catalogul s-ar putea face pe caiet."
cls8,lectia1-interfata,cls8-l1-09,ELEVUL,U1,minor,False,nu,"La Ex. 2 elevul apasă „+” și primește Foaie2, nu „Test” — pasul de redenumire lipsește; întrebarea finală cu Ctrl+End are două răspunsuri după foaia pe care stă și nu e dat niciunul."
cls8,lectia2-date,cls8-l2-01,SPECIALISTUL,U4,blocant,False,nu,"Tabelul de aliniere da scurtaturile Word-ului: in Excel Ctrl+L deschide „Create Table”, Ctrl+E porneste Flash Fill, Ctrl+R umple la dreapta."
cls8,lectia2-date,cls8-l2-02,PROFESORUL,numar_scris_ca_text_si_date,important,True,nu,"Lectia scrie zecimalele cu punct (8.5, 3.50) si data cu bara (15/06/2026); pe Windows in romana punctul nu e zecimala, pe Windows in engleza 15/06/2026 nu e data — pe orice calculator una din doua pic"
cls8,lectia2-date,cls8-l2-03,ELEVUL,U1,important,False,da,"Bonusul din Incearca il pune pe elev sa imbine A1:D1 — exact randul cu antetul pe care tocmai l-a scris; „Nume Elev”, „Nota”, „Media” dispar."
cls8,lectia2-date,cls8-l2-04,ELEVUL,lipirea_tabelului_starter,important,False,nu,"Tabelul „gata” din Ex. 1 e scris cu bare | si spatii, fara Tab: lipit in Excel, fiecare rand intra intreg in coloana A si nu exista nicio nota ca numar."
cls8,lectia2-date,cls8-l2-05,SPECIALISTUL,numar_scris_ca_text_si_date,important,False,nu,"Modelul facturii scrie cantitatea „5 buc” si pretul „3.50 lei” in celula — elevul care copiaza modelul face exact greseala „numar ca text” din atomul 1, iar totalul nu se mai poate calcula."
cls8,lectia2-date,cls8-l2-06,PROFESORUL,U12,important,False,nu,"Lectia are 4.048 de cuvinte, 7 atomi, Incearca + 3 exercitii practice si acopera orele 5 si 6 din plan; intr-o singura ora de 50 de minute nu se termina."
cls8,lectia2-date,cls8-l2-07,PROFESORUL,U4,important,True,nu,"Toate butoanele sunt numite in engleza; in Office in romana se cheama „Pornire”, „Îmbinare & centru”, „Monedă”, „Procentaj”, „culoare de umplere”."
cls8,lectia2-date,cls8-l2-08,SPECIALISTUL,U4,important,False,nu,"Backspace e descris ca „sterge ultimul caracter”; in Excel, pe o celula selectata, Backspace goleste toata celula si intra in editare."
cls8,lectia2-date,cls8-l2-09,NORMA,U16,important,False,da,"Lectia nu are nicio diacritica (0,0 la 1000), desi specificatia proiectului le cere in continut."
cls8,lectia2-date,cls8-l2-10,NORMA,U9,minor,False,da,"Exemplul facturii da TOTAL GENERAL 47.50 lei, rezolvarea aceluiasi exercitiu (cu aceleasi prime doua randuri) da 62.10 (R3.4)."
cls8,lectia2-date,cls8-l2-11,ELEVUL,U1,minor,False,da,"Ex. 3 cere compararea Tabelului A cu Tabelul B, dar niciun tabel nu e pe pagina — elevul trebuie sa si le imagineze."
cls8,lectia2-date,cls8-l2-12,ELEVUL,U9,minor,False,da,Intrebarile atomilor 3 (gridlines) si 4 (Merge) cer ce se preda abia in atomul urmator (R2.1).
cls8,lectia3-formule,cls8-l3-01,ELEVUL,U1,blocant,False,da,"Primul exercitiu cu formule: elevul scrie =SUM(E2:E4), Excel da 77, iar ajutorul lectiei ii spune ca trebuia 78 — elevul care a lucrat corect crede ca a gresit."
cls8,lectia3-formule,cls8-l3-02,SPECIALISTUL,copierea_formulei_in_jos,important,False,nu,"Rezolvarea Ex. 2 spune ca fara $ formula ar inmulti cu „celule goale”; in foaia elevului B2 e textul „Pret/elev” (C4 = #VALUE!) si B3 = 45 (C5 = 1575, un numar gresit fara niciun semn de eroare)."
cls8,lectia3-formule,cls8-l3-03,SPECIALISTUL,U4,important,False,nu,Exemplul si intrebarea despre referinta absoluta folosesc TVA 19%; in Romania cota standard e 21% din 1 august 2025 — iar lectia insasi pomeneste trecerea „de la 19% la 21%”.
cls8,lectia3-formule,cls8-l3-04,PROFESORUL,U4,important,False,nu,Lectia numeste manerul de copiere „drag handle” de 12 ori (grep pe innerText.txt); Excel il numeste „fill handle” in engleza si „instrumentul de umplere” in romana — elevul care cauta cuvantul sau il 
cls8,lectia3-formule,cls8-l3-05,SPECIALISTUL,U4,important,False,da,"Lectia spune ca Excel „nu calculeaza de la stanga la dreapta”; Microsoft spune ca il calculeaza de la stanga la dreapta, pe niveluri de prioritate — iar exemplul lectiei =10-3+2 = 9 e chiar un calcul "
cls8,lectia3-formule,cls8-l3-06,PROFESORUL,numar_scris_ca_text_si_date,important,True,nu,"Zecimalele sunt scrise cu punct (=3.5*10, „media 7.50”, 9.67); pe Windows in romana virgula e zecimala, iar verificarea „7.50” nu apare pe ecran nici macar pe engleza (formatul General da 7.5)."
cls8,lectia3-formule,cls8-l3-07,PROFESORUL,U12,important,False,nu,"Ora 7 din plan e „formule cu operatori aritmetici”; lectia adauga SUM (ora 8), referinte absolute si F4, 3.242 de cuvinte si 3 exercitii — peste 50 de minute la ritmurile provizorii."
cls8,lectia3-formule,cls8-l3-08,SPECIALISTUL,U4,minor,False,nu,"F4 e prezentat ca „B1 → $B$1 → B1”; Microsoft arata patru tipuri de referinta (inclusiv A$1 si $A1), deci elevul care apasa F4 a doua oara nu revine la B1."
cls8,lectia3-formule,cls8-l3-09,ELEVUL,U9,minor,False,da,"Intrebarile atomilor 2 si 4 cer ce se preda mai tarziu (actualizarea automata, SUM), iar atomul „ordinea operatiilor” nu are nicio intrebare despre ordinea operatiilor (R2.1)."
cls8,lectia3-formule,cls8-l3-10,NORMA,U16,important,False,da,"Lectia nu are nicio diacritica (0,0 la 1000), desi specificatia proiectului le cere in continut."
cls8,lectia4-functii,cls8-l4-01,ELEVUL,U1,blocant,False,da,"Scenariul din atomul 8 cere schimbarea lui B7 din 4 in 10, dar in foaia elevului B7 = 6 (nota 4 e in B8); facut in Excel, minimul ramane 4 si media iese 7,75 — tabelul lectiei spune 5 si 8."
cls8,lectia4-functii,cls8-l4-02,ELEVUL,puncte_de_verificare_vizibile,important,False,da,"Primul pas de „actualizare automata” din Incearca ii cere elevului sa schimbe nota 10 din B4; in B4 el are 5, iar nota 10 e in B5 — se intreaba daca a gresit tabelul."
cls8,lectia4-functii,cls8-l4-03,PROFESORUL,U12,important,False,nu,"Lectia pune ora 8 (functii suma/max/min/medie) si ora 9 (functia de decizie) din plan intr-un singur fisier: 3.685 de cuvinte, 9 atomi, 3 exercitii — peste 50 de minute la ritmurile provizorii."
cls8,lectia4-functii,cls8-l4-04,SPECIALISTUL,separator_si_nume_functii,important,True,nu,"IF e prima formula cu mai multe argumente pe care o tasteaza elevul, scrisa numai cu virgula; pe Windows setat pe romana separatorul de lista e „;” si formula cu virgula nu e primita — lectia nu pomen"
cls8,lectia4-functii,cls8-l4-05,ELEVUL,U1,important,False,da,"Bonusul cere sa stearga o nota si sa compare COUNT cu COUNTA; dupa stergere ambele scad la 7 — elevul nu vede nicio diferenta, desi lectia vrea sa arate ca difera."
cls8,lectia4-functii,cls8-l4-06,PROFESORUL,U4,important,False,nu,"Atomul 6 si rezumatul numesc butonul fx „Function Wizard” / „Asistentul de functii”; in Excel caseta se cheama „Insert Function”, in romana „Inserare funcție” — elevul si profesorul nu gasesc cuvantul"
cls8,lectia4-functii,cls8-l4-07,PROFESORUL,numar_scris_ca_text_si_date,important,True,nu,"Rezolvarea Ex. 2 da mediile cu punct si rotunjite (20.71, 60.43); pe Windows in romana elevul vede 20,71429 si 60,42857 pana rotunjeste, iar media 7.25 din atomi apare 7,25."
cls8,lectia4-functii,cls8-l4-08,SPECIALISTUL,U4,minor,True,nu,"Rotunjirea e data doar pe meniul englezesc („Home -> Number”), iar pe interfata in romana se cheama Pornire > Numar > Marire/Micsorare zecimala; butonul schimba doar afisarea, nu valoarea (=ROUND da 2"
cls8,lectia4-functii,cls8-l4-09,ELEVUL,U9,minor,False,da,"Intrebarea atomului „MIN si MAX” cere AVERAGE, predat abia in atomul urmator, iar atomul butonului fx nu are nicio intrebare despre fx; la doua intrebari varianta corecta e cea mai lunga (R2.1, R1.1)."
cls8,lectia4-functii,cls8-l4-10,NORMA,U16,important,False,da,"Lectia nu are nicio diacritica (0,0 la 1000), desi specificatia proiectului le cere in continut; elevii tasteaza si etichete fara diacritice („Nota minima”, „Sambata”)."
cls8,lectia4-functii,cls8-l4-11,NORMA,U10,minor,False,da,"Cardul din pagina modulului promite „SUM, AVERAGE, COUNT, MAX, MIN”, titlul nu are COUNTA, lectia preda si COUNTA si IF, in 9 atomi (specificatia: 4-8)."
cls8,lectia5-grafice,cls8-l5-01,SPECIALISTUL,U1,important,False,da,"Incearca il pune pe elev sa faca Pie din mediile pe materii — felii de 18-23 % dintr-o „suma a mediilor” care nu exista — si nu-i spune nicaieri ca e gresit, desi doi atomi mai jos lectia invata ca Pi"
cls8,lectia5-grafice,cls8-l5-02,ELEVUL,U2,important,False,nu,"Schema „Anatomia unui grafic Column” nu are nicio coloana pe ecran: barele au 0 pixeli, elevul vede doar etichete (TITLU, AXA Y, LEGENDA) si patru numere pe fond negru."
cls8,lectia5-grafice,cls8-l5-03,PROFESORUL,numar_scris_ca_text_si_date,important,True,nu,"Tabelul din „Copiaza” are note cu punct (7.2); pe un Windows setat pe romana acestea nu sunt numere — devin date (07.02) sau text, iar graficul iese cu bare de ~46000 sau fara bare."
cls8,lectia5-grafice,cls8-l5-04,NORMA,U4,important,True,nu,"Traducerile din paranteza nu sunt ale Excel-ului in romana: acolo fila e „Inserati”, grupul vorbeste de „diagrame”, Pie e „structura radiala”, butonul „+” e „Adaugare element de diagrama”; „Grafice” s"
cls8,lectia5-grafice,cls8-l5-05,SPECIALISTUL,U4,important,False,nu,Lectia prezinta 3D ca stil de formatare si nu spune nicaieri ca la bare axa trebuie sa porneasca de la 0 — cele doua reguli de baza ale oricui face grafice pentru altii.
cls8,lectia5-grafice,cls8-l5-06,PROFESORUL,U12,important,False,da,"9 atomi cu intrebari, Incearca cu 3 grafice + bonus, 3 exercitii scrise si Provocarea nu incap intr-o ora de 50 de minute din care 8 se duc pe pornire."
cls8,lectia5-grafice,cls8-l5-07,NORMA,U16,important,False,da,"Lectia nu are nicio diacritica (0 la 1000 de litere), iar tabelul copiat duce „Romana”, „Intretinere” direct in graficul pe care elevul l-ar arata la sedinta cu parintii."
cls8,lectia5-grafice,cls8-l5-08,ELEVUL,U1,minor,False,da,"Provocarea cere „tabelul din lectie” cu 5 elevi, dar tabelul cu doua serii din atomul 4 are doar 3 (Ana, Mihai, Maria)."
cls8,lectia5-grafice,cls8-l5-09,ELEVUL,U2,minor,False,nu,La intrebari fiecare varianta are doua litere diferite: butonul A si textul „c) Column (Coloana)” — elevul care vrea sa raspunda „b” nu stie pe care s-o apese.
cls8,lectia6-proiect,cls8-l6-01,ELEVUL,U1,blocant,False,nu,"Elevul care se blochează la Exercițiul 1 și deschide rezolvarea copiază o formulă de medie care sare peste materia a 5-a și ia coloana cu numele; nu apare nicio eroare, doar medii greșite."
cls8,lectia6-proiect,cls8-l6-02,PROFESORUL,U1,important,False,nu,"Proiectul nu are barem, iar cei care urmează pașii predau fișiere identice (aceleași date lipite, aceleași celule); nici nu există un mod de a strânge fișierele. Nota cerută de planul școlii (pe grilă"
cls8,lectia6-proiect,cls8-l6-03,NORMA,U16,important,False,nu,"Catalogul declară „Promovat” după media tuturor materiilor ≥ 5; regulamentul cere minim 5 la fiecare materie. Un elev de a VIII-a învață regula greșită, într-un document „pe care directorul îl cere”."
cls8,lectia6-proiect,cls8-l6-04,NORMA,U10,important,False,da,"Proiectul cere tipărire (Page Layout, margini, antet de pagină) și COUNTIF — nimic din acestea nu e în programă și nu apare în lecțiile 1-5; la COUNTIF lecția promite că „o vei invata complet in semes"
cls8,lectia6-proiect,cls8-l6-05,PROFESORUL,U17,important,True,nu,"La Izvoare ora mini-proiectului nu există (01.12 e liber, calendarul o comasează în temă acasă), iar școala e presupusă fără laborator — proiectul „la calculator” devine temă pentru acasă fără calcula"
cls8,lectia6-proiect,cls8-l6-06,ELEVUL,numar_scris_ca_text_si_date,important,True,nu,"Notele din blocul de lipit au punct zecimal („7.50”); pe un Windows setat pe română ele pot rămâne text și toate mediile arată #DIV/0!, iar ajutorul din lecție („Convert to Number”) nu repară un punct"
cls8,lectia6-proiect,cls8-l6-07,SPECIALISTUL,U4,important,True,nu,"Lecția oferă „Excel Online” ca alternativă, dar Excel pentru web nu poate seta marginile de pagină (pasul 6); iar toate comenzile sunt date doar în engleză (Merge & Center, Page Layout, Narrow, Header"
cls8,lectia6-proiect,cls8-l6-08,PROFESORUL,unde_se_salveaza_fisierul,important,False,nu,"Exercițiul 1 invită elevul să pună catalogul „propriei clase” cu note reale; un fișier cu numele colegilor și notele lor, salvat pe un PC de laborator folosit de alte clase, e o problemă de date perso"
cls8,lectia6-proiect,cls8-l6-09,SPECIALISTUL,U3,important,True,nu,"Graficul cerut la Ex. 2 (mediile pe materii, între 7,45 și 7,60) iese cu axa pornind de la 7,35: Engleza pare jumătate din Matematica, deși diferența e 0,15. Lecția nu spune nimic despre axa de la 0."
cls8,lectia6-proiect,cls8-l6-10,NORMA,U16,important,False,da,"Zero diacritice în toată lecția, într-un proiect care cere un document „oficial pe care l-ai putea afisa la avizier”: elevul copiază „Nota minima”, „Romana”."
cls8,lectia6-proiect,cls8-l6-11,PROFESORUL,U10,minor,False,da,"Cardul lecției din pagina modulului se cheamă „PROIECT FINAL: Buget Personal”, pagina e „Catalogul Scolar Complet”; titlul catalogului are anul școlar 2024-2025."
cls8,lectia6-proiect,cls8-l6-12,PROFESORUL,U12,important,False,nu,"„15-20 minute” pentru misiune, dar lecția are 2946 de cuvinte de citit, 6 pași mari, 5 întrebări și 3 exerciții (unul cu 15 elevi × 5 materii tastate): nu încape într-o oră."
cls8,lectia7-sortare,cls8-l7-01,SPECIALISTUL,U3,important,False,nu,"Tabelul-model al sortării pe două niveluri (atomul 4) nu iese din datele lecției: Dan apare în 8A, Andrei are 7, Carla 6 în 8B. Lecția care învață „nu desperechea datele” arată chiar ea un tabel despe"
cls8,lectia7-sortare,cls8-l7-02,ELEVUL,U1,important,False,nu,La Ex. 2 elevul care face ce scrie tastează „Nr” și 1-6 peste coloana cu nume; după sortare nu mai are niciun nume și nu poate răspunde „Ce elevi sunt in primele randuri?”. Rezolvarea presupune o colo
cls8,lectia7-sortare,cls8-l7-03,SPECIALISTUL,U4,important,False,nu,"Criteriul de evaluare al Ex. 3 spune că după salvare doar coloana Index mai ajută. Microsoft spune că Ctrl+Z merge și după salvare, cât timp fișierul e deschis; elevul care răspunde corect e depunctat"
cls8,lectia7-sortare,cls8-l7-04,PROFESORUL,U1,important,False,nu,"Capcana principală a temei (sortezi o singură coloană și rupi rândurile) e doar povestită într-o casetă; niciun pas nu-l pune pe elev să o vadă. Făcută efectiv: toți 6 elevii primesc nota altcuiva, ia"
cls8,lectia7-sortare,cls8-l7-05,PROFESORUL,U4,important,True,nu,"Toate comenzile sunt date doar în engleză (Data, Sort & Filter, Add Level, Largest to Smallest, Expand the selection); pe un Excel în română ele se numesc Date, Sortare & filtrare, Adăugare nivel, De "
cls8,lectia7-sortare,cls8-l7-06,NORMA,U4,important,True,nu,"O lecție despre ordinea alfabetică folosește numai nume fără diacritice, deci nu arată că Ș, Ț, Î se sortează diferit după setarea regională: pe ro-RO Ștefan vine după Szabo, pe en-US înainte de Suciu"
cls8,lectia7-sortare,cls8-l7-07,PROFESORUL,U12,important,False,nu,Încearcă „5 minute” + 6 atomi cu chestionare + 3 exerciții nu încap într-o oră de 50 de minute la ritmul provizoriu al porții; încap doar la ritm dublu.
cls8,lectia7-sortare,cls8-l7-08,NORMA,U16,important,False,da,"Textul lecției nu are nicio diacritică, deși specificația proiectului le cere; apare și „ordoneza”."
cls8,lectia7-sortare,cls8-l7-09,PROFESORUL,U10,minor,False,nu,"Fișierul se numește „lectia7” și trimite la „Proiect final”, dar în planul anului sortarea e ora 10, înainte de grafice (ora 11) și de mini-proiect (ora 12)."
cls8,lectia7-sortare,cls8-l7-10,SPECIALISTUL,U4,minor,False,nu,Lecția spune că antetul e recunoscut „mereu”; Microsoft spune „în mod implicit” și că uneori trebuie bifat „Datele mele au anteturi”.
